tag_id,animal_id,animal_taxon,deploy_on_date,deploy_off_date,hunt,prey_p_month,animal_reproductive_condition,animal_sex,hrs_indoors,n_cats,study_site,age_years
Tommy-Tag,Tommy,Felis catus,2017-06-03 01:02:09,2017-06-10 02:10:52,True,12.5,Fixed,m,12.5,2,UK,11.0
Athena,Athena,Felis catus,2017-06-24 01:02:13,2017-06-30 23:59:32,True,3.0,Fixed,f,7.5,2,UK,3.0
Ares,Ares,Felis catus,2017-06-24 01:03:57,2017-06-30 23:58:01,False,0.0,Fixed,m,7.5,2,UK,3.0
Lola,Lola,Felis catus,2017-06-24 01:18:49,2017-06-30 09:04:40,True,3.0,Fixed,f,17.5,1,UK,10.0
Maverick,Maverick,Felis catus,2017-06-25 01:04:35,2017-07-03 09:10:07,True,3.0,Fixed,m,12.5,1,UK,7.0
Coco,Coco,Felis catus,2017-06-28 01:02:22,2017-07-05 06:50:04,True,3.0,Fixed,f,12.5,2,UK,7.0
Charlie,Charlie,Felis catus,2017-06-28 01:03:33,2017-07-04 07:08:31,True,3.0,Fixed,m,12.5,3,UK,6.0
Jago,Jago,Felis catus,2017-06-28 04:10:59,2017-07-04 02:50:05,True,17.5,Fixed,m,7.5,4,UK,2.0
Morpheus-Tag,Morpheus,Felis catus,2017-07-01 01:02:18,2017-07-09 06:39:05,True,3.0,Fixed,m,2.5,2,UK,4.0
Nettle-Tag,Nettle,Felis catus,2017-07-01 01:05:50,2017-07-08 00:05:12,True,7.5,Fixed,f,12.5,2,UK,4.0
Meg-Tag,Meg,Felis catus,2017-07-02 01:02:43,2017-07-09 00:36:13,True,3.0,Unneutered,f,12.5,1,UK,8.0
Friday,Friday,Felis catus,2017-07-02 07:28:08,2017-07-07 21:56:16,True,0.5,Fixed,m,7.5,1,UK,1.0
Carbonel-Tag,Carbonel,Felis catus,2017-07-07 01:01:46,2017-07-14 02:51:28,True,0.0,Fixed,m,17.5,1,UK,8.0
Fonzie-Tag,Fonzie,Felis catus,2017-07-08 01:02:02,2017-07-15 08:10:04,True,0.5,Fixed,m,12.5,2,UK,10.0
Jessy-Tag,Jessy,Felis catus,2017-07-08 01:02:52,2017-07-08 13:12:54,True,3.0,Fixed,f,12.5,1,UK,11.0
Barney-Tag,Barney,Felis catus,2017-07-08 01:16:36,2017-07-15 07:20:01,True,0.5,Fixed,m,12.5,2,UK,11.0
Sparky-Tag,Sparky,Felis catus,2017-07-08 02:36:48,2017-07-15 01:56:49,True,0.5,Fixed,f,7.5,4,UK,8.0
Indie-Tag,Indie,Felis catus,2017-07-09 01:03:00,2017-07-16 09:33:00,True,0.5,Fixed,m,17.5,2,UK,3.0
Whiskey-Tag,Whiskey,Felis catus,2017-07-09 01:04:12,2017-07-16 03:11:05,True,0.5,Fixed,m,17.5,1,UK,5.0
Rusty-Tag,Rusty,Felis catus,2017-07-09 02:19:00,2017-07-16 00:34:00,True,3.0,Fixed,m,17.5,1,UK,4.0
Mifty-Tag,Mifty,Felis catus,2017-07-13 01:01:00,2017-07-20 00:31:00,True,12.5,Fixed,f,7.5,1,UK,2.0
Wilfred-Tag,Wilfred,Felis catus,2017-07-13 01:01:06,2017-07-20 01:19:06,False,0.0,Fixed,m,7.5,1,UK,6.0
Poppet-Tag,Poppet,Felis catus,2017-07-13 01:02:57,2017-07-19 20:52:53,True,3.0,Fixed,f,22.5,3,UK,10.0
Pussy-Tag,Pussy,Felis catus,2017-07-13 01:05:34,2017-07-20 16:06:52,True,3.0,Fixed,m,2.5,3,UK,2.0
Henry-Tag,Henry,Felis catus,2017-07-14 01:02:00,2017-07-21 00:04:00,True,0.0,Fixed,m,7.5,1,UK,8.0
Winnie-Tag,Winnie,Felis catus,2017-07-16 01:02:02,2017-07-23 00:11:53,True,3.0,Fixed,m,12.5,1,UK,12.0
Tom-Tag,Tom,Felis catus,2017-07-16 01:02:32,2017-07-24 04:47:12,True,12.5,Fixed,f,12.5,2,UK,3.0
Lady T-Tag,Lady T,Felis catus,2017-07-16 01:03:04,2017-07-23 15:06:46,True,3.0,Fixed,m,12.5,3,UK,2.0
Bella-Tag,Bella,Felis catus,2017-07-16 01:46:58,2017-07-24 05:18:52,True,7.5,Fixed,f,12.5,2,UK,3.0
Ladyboyhawke-Tag,Ladyboyhawke,Felis catus,2017-07-16 22:26:56,2017-07-22 01:36:51,True,3.0,Fixed,f,17.5,2,UK,5.0
Charlie2-Tag,Charlie2,Felis catus,2017-07-17 01:01:00,2017-07-23 00:05:00,True,3.0,Fixed,m,12.5,2,UK,9.0
Max-Tag,Max,Felis catus,2017-07-17 01:03:30,2017-07-23 05:19:13,True,3.0,Fixed,m,12.5,3,UK,5.0
Ebby-Tag,Ebby,Felis catus,2017-07-20 01:02:02,2017-07-27 00:05:31,True,3.0,Fixed,f,17.5,2,UK,10.0
Bear-Tag,Bear,Felis catus,2017-07-20 01:03:19,2017-07-27 04:17:28,True,3.0,Fixed,m,12.5,2,UK,6.0
Bumbles-Tag,Bumbles,Felis catus,2017-07-20 03:06:34,2017-07-27 00:08:54,True,3.0,Fixed,f,12.5,2,UK,12.0
Chloe-Tag,Chloe,Felis catus,2017-07-20 03:29:22,2017-07-26 19:25:50,True,3.0,Fixed,f,17.5,2,UK,7.0
Merlin-Tag,Merlin,Felis catus,2017-07-20 09:25:37,2017-07-27 00:24:39,True,7.5,Fixed,m,12.5,1,UK,5.0
Felix-Tag,Felix,Felis catus,2017-07-22 01:02:05,2017-07-26 00:50:28,True,3.0,Fixed,m,22.5,1,UK,4.0
Beanie-Tag,Beanie,Felis catus,2017-07-22 01:02:42,2017-07-29 09:52:37,True,0.0,Fixed,m,17.5,4,UK,4.0
Sid-Tag,Sid,Felis catus,2017-07-22 01:04:12,2017-07-29 10:23:55,True,17.5,Fixed,f,7.5,1,UK,4.0
Binky-Tag,Binky,Felis catus,2017-07-22 01:06:16,2017-07-28 15:28:57,True,0.0,Fixed,m,17.5,4,UK,4.0
Amber-Tag,Amber,Felis catus,2017-07-28 01:03:24,2017-08-04 00:07:52,True,3.0,Unneutered,f,7.5,4,UK,4.0
Ernie-Tag,Ernie,Felis catus,2017-07-28 01:05:56,2017-08-04 02:03:41,True,3.0,Fixed,m,7.5,4,UK,1.0
Bits-Tag,Bits,Felis catus,2017-07-29 01:02:11,2017-07-31 00:44:00,True,3.0,Fixed,f,2.5,3,UK,13.0
Maxwell-Tag,Maxwell,Felis catus,2017-07-29 01:02:12,2017-08-08 03:58:11,True,17.5,Fixed,m,7.5,1,UK,6.0
Lightening Bugg-Tag,Lightening Bugg,Felis catus,2017-07-29 01:02:49,2017-08-03 03:57:58,False,0.0,Fixed,m,12.5,2,UK,0.0
Bobs-Tag,Bobs,Felis catus,2017-07-29 05:36:35,2017-08-05 09:25:34,True,3.0,Fixed,f,7.5,3,UK,13.0
Carrots-Tag,Carrots,Felis catus,2017-08-25 01:01:32,2017-09-01 19:04:26,True,17.5,Fixed,m,7.5,4,UK,3.0
Smudge-Tag,Smudge,Felis catus,2017-08-25 01:01:47,2017-09-01 03:03:32,True,3.0,Fixed,m,7.5,1,UK,3.0
Magic-Tag,Magic,Felis catus,2017-08-25 01:02:00,2017-08-25 17:06:00,True,3.0,Fixed,f,12.5,3,UK,3.0
Spike-Tag,Spike,Felis catus,2017-08-25 01:02:29,2017-09-01 07:59:53,True,7.5,Fixed,m,12.5,1,UK,0.0
Dory-Tag,Dory,Felis catus,2017-08-25 01:03:23,2017-09-01 00:05:31,True,0.5,Unneutered,f,7.5,2,UK,1.0
Tigger-Tag,Tigger,Felis catus,2017-08-25 01:04:55,2017-09-01 01:46:12,True,0.5,Fixed,m,7.5,1,UK,3.0
Jago2-Tag,Jago2,Felis catus,2017-08-25 01:05:18,2017-09-01 18:46:54,True,0.0,Fixed,m,12.5,1,UK,2.0
Frank-Tag,Frank,Felis catus,2017-08-25 01:05:44,2017-09-01 00:08:15,True,3.0,Fixed,m,7.5,1,UK,4.0
Skye-Tag,Skye,Felis catus,2017-08-25 01:22:22,2017-09-01 08:15:26,True,0.5,Fixed,m,12.5,4,UK,5.0
Jezebel-Tag,Jezebel,Felis catus,2017-08-25 01:50:01,2017-09-01 07:58:22,False,0.0,Fixed,f,17.5,4,UK,14.0
Boots-Tag,Boots,Felis catus,2017-08-25 02:00:08,2017-08-31 04:48:28,True,0.0,Fixed,f,22.5,4,UK,16.0
Smudge_2-Tag,Smudge_2,Felis catus,2017-08-25 06:15:27,2017-09-01 06:45:20,True,0.5,Fixed,m,17.5,3,UK,7.0
Frank_2-Tag,Frank_2,Felis catus,2017-08-26 01:03:01,2017-09-02 08:21:37,True,0.0,Fixed,m,7.5,4,UK,7.0
Freya-Tag,Freya,Felis catus,2017-08-27 01:45:09,2017-09-03 02:08:49,True,0.5,Fixed,f,12.5,3,UK,4.0
Spot-Tag,Spot,Felis catus,2017-08-27 02:19:45,2017-09-02 06:37:17,True,17.5,Fixed,m,7.5,4,UK,2.0
Tipsy-Tag,Tipsy,Felis catus,2017-08-28 15:39:12,2017-09-04 09:49:38,False,0.0,Fixed,f,17.5,1,UK,0.0
Flash-Tag,Flash,Felis catus,2017-08-28 23:51:55,2017-09-04 10:28:59,True,3.0,Fixed,f,17.5,2,UK,3.0
Gracie-Tag,Gracie,Felis catus,2017-09-07 05:02:00,2017-09-12 15:32:00,True,0.0,Fixed,f,22.5,1,UK,2.0
Teddy-Tag,Teddy,Felis catus,2017-09-10 01:46:42,2017-09-13 07:46:11,True,0.5,Fixed,f,12.5,3,UK,9.0
Marley-Tag,Marley,Felis catus,2017-09-10 11:02:26,2017-09-15 19:54:44,True,0.5,Fixed,m,7.5,1,UK,1.0
Guinness-Tag,Guinness,Felis catus,2017-09-13 18:02:02,2017-09-18 00:05:25,True,3.0,Fixed,m,17.5,1,UK,7.0
Reggie-Tag,Reggie,Felis catus,2017-09-17 01:02:50,2017-09-24 00:52:32,True,7.5,Fixed,f,12.5,3,UK,8.0
Jessie-Tag,Jessie,Felis catus,2017-09-17 01:04:18,2017-10-16 00:05:36,True,3.0,Fixed,f,7.5,1,UK,5.0
Roger-Tag,Roger,Felis catus,2017-09-17 01:05:12,2017-09-23 23:57:00,True,0.5,Fixed,m,17.5,2,UK,6.0
Gracie_2-Tag,Gracie_2,Felis catus,2017-09-17 01:21:38,2017-09-22 16:15:14,True,0.5,Fixed,f,17.5,2,UK,6.0
Dexter-Tag,Dexter,Felis catus,2017-09-17 01:34:47,2017-09-24 07:35:18,True,3.0,Fixed,m,12.5,1,UK,3.0
Tilly-Tag,Tilly,Felis catus,2017-09-17 02:53:42,2017-09-24 04:27:01,True,3.0,Fixed,f,12.5,3,UK,5.0
Balu-Tag,Balu,Felis catus,2017-09-18 01:03:13,2017-09-25 05:39:45,True,3.0,Fixed,f,2.5,1,UK,7.0
Missy-Tag,Missy,Felis catus,2017-09-18 06:57:14,2017-09-25 06:46:02,True,3.0,Fixed,f,7.5,2,UK,3.0
Dexter2-Tag,Dexter2,Felis catus,2017-09-23 17:31:52,2017-09-29 05:09:59,True,0.0,Fixed,m,2.5,1,UK,1.0
Fairclough-Tag,Fairclough,Felis catus,2017-09-24 01:02:32,2017-10-01 00:31:25,True,0.0,Fixed,m,17.5,2,UK,4.0
Keegan-Tag,Keegan,Felis catus,2017-09-24 01:03:02,2017-09-30 14:41:30,True,3.0,Unneutered,m,7.5,2,UK,3.0
Maggie-Tag,Maggie,Felis catus,2017-09-25 01:03:24,2017-10-02 17:22:57,False,0.0,Fixed,f,22.5,2,UK,3.0
Lily-Tag,Lily,Felis catus,2017-09-25 01:03:54,2017-10-02 14:57:31,False,0.0,Fixed,f,22.5,2,UK,9.0
Abba-Tag,Abba,Felis catus,2017-09-25 01:19:26,2017-10-02 11:04:58,True,3.0,Fixed,f,7.5,2,UK,3.0
Worf-Tag,Worf,Felis catus,2017-09-25 01:20:25,2017-09-30 13:12:47,True,7.5,Fixed,f,2.5,2,UK,8.0
Pants-Tag,Pants,Felis catus,2017-09-28 01:02:00,2017-10-03 10:45:33,False,0.0,Fixed,m,12.5,3,UK,8.0
Jim-Tag,Jim,Felis catus,2017-09-28 01:02:04,2017-10-04 13:42:17,True,3.0,Fixed,f,12.5,3,UK,8.0
Lucy-Tag,Lucy,Felis catus,2017-09-29 00:01:13,2017-10-06 00:44:55,True,0.5,Fixed,f,17.5,1,UK,5.0
Macaulay Mccat-Tag,Macaulay Mccat,Felis catus,2017-09-29 07:01:28,2017-10-26 16:51:39,True,17.5,Fixed,f,2.5,2,UK,6.0
Neil-Tag,Neil,Felis catus,2017-09-30 04:28:02,2017-10-07 00:04:54,False,0.0,Fixed,m,7.5,1,UK,7.0
Siberia-Tag,Siberia,Felis catus,2017-10-09 01:01:51,2017-10-16 00:06:01,True,3.0,Fixed,m,7.5,2,UK,8.0
Moscow-Tag,Moscow,Felis catus,2017-10-23 01:02:09,2017-10-30 02:21:44,True,0.5,Fixed,m,12.5,2,UK,1.0
Neva-Tag,Neva,Felis catus,2017-10-23 01:03:54,2017-10-31 00:09:51,True,0.0,Fixed,f,17.5,2,UK,4.0
Alfie-Tag,Alfie,Felis catus,2017-10-23 01:03:54,2017-10-30 10:20:43,True,3.0,Fixed,m,7.5,2,UK,3.0
Casper-Tag,Casper,Felis catus,2017-10-30 01:02:13,2017-11-06 05:08:45,True,0.5,Fixed,m,12.5,4,UK,6.0
Ginge-Tag,Ginge,Felis catus,2017-10-30 01:05:07,2017-11-07 19:55:30,True,17.5,Fixed,m,2.5,2,UK,3.0
Jasper-Tag,Jasper,Felis catus,2017-11-18 01:46:24,2017-11-25 01:11:30,True,12.5,Fixed,m,7.5,1,UK,2.0
Charlie3-Tag,Charlie3,Felis catus,2017-11-20 01:16:41,2017-11-26 00:38:20,True,7.5,Unneutered,m,12.5,2,UK,5.0
Millie-Tag,Millie,Felis catus,2017-11-20 01:38:55,2017-11-27 00:09:29,True,7.5,Fixed,f,12.5,2,UK,3.0
SmokeyLongnose-Tag,SmokeyLongnose,Felis catus,2017-11-20 01:47:42,2017-11-27 02:53:41,True,0.5,Fixed,f,7.5,2,UK,9.0
CJ-Tag,CJ,Felis catus,2017-11-24 06:48:32,2017-11-29 03:44:48,True,0.5,Fixed,m,22.5,2,UK,5.0
Seb-Tag,Seb,Felis catus,2017-11-24 09:43:09,2017-11-30 00:52:55,True,3.0,Fixed,m,12.5,2,UK,3.0
Gingernut,Gingernut,Felis catus,1970-01-01 04:07:00,1970-01-02 08:43:00,True,4.0,Fixed,m,2.0,1,NZ,2.0
TabithaTag,Tabitha,Felis catus,1970-01-01 01:55:00,1970-01-01 00:22:00,True,4.0,Fixed,f,10.0,1,NZ,1.0
KittyTag,Kitty,Felis catus,1970-01-01 02:40:00,1970-01-03 05:06:00,True,4.0,Fixed,f,8.0,1,NZ,14.0
MurphyTag,Murphy,Felis catus,1970-01-01 03:10:00,1970-01-03 00:30:00,True,4.0,Fixed,m,8.0,1,NZ,5.0
PandaTag,Panda,Felis catus,1970-01-02 23:26:00,1970-01-01 18:52:00,True,4.0,Fixed,f,10.0,1,NZ,3.0
FritzTag,Fritz,Felis catus,1970-01-01 01:43:00,1970-01-01 07:03:00,True,4.0,Fixed,m,12.0,1,NZ,7.0
BanzaiTag,Banzai,Felis catus,1970-01-01 02:32:00,1970-01-02 01:50:00,True,4.0,Fixed,m,15.0,1,NZ,3.0
NekoTag,Neko,Felis catus,1970-01-01 03:41:00,1970-01-01 11:28:00,True,4.0,Fixed,m,5.0,1,NZ,2.0
MogadonTag,Mogadon,Felis catus,1970-01-01 04:05:00,1970-01-01 17:19:00,False,4.0,Fixed,f,23.0,1,NZ,9.0
SkyTag,Sky,Felis catus,1970-01-01 02:18:00,1970-01-01 08:26:00,True,4.0,Fixed,m,18.0,1,NZ,6.0
PussumsTag,Pussums,Felis catus,1970-01-01 03:12:00,1970-01-02 16:58:00,True,4.0,Fixed,m,4.0,1,NZ,5.0
SmudgeTag,Smudge,Felis catus,1970-01-01 00:17:00,1970-01-03 09:44:00,True,4.0,Fixed,m,10.0,1,NZ,4.0
TacoTag,Taco,Felis catus,1970-01-01 01:41:00,1970-01-02 14:15:00,True,4.0,Fixed,m,8.0,1,NZ,1.0
TiggerTag,Tigger,Felis catus,1970-01-01 02:03:00,1970-01-01 01:48:00,True,4.0,Fixed,m,8.0,1,NZ,6.0
SpecklesTag,Speckles1,Felis catus,1970-01-01 02:32:00,1970-01-02 19:01:00,True,4.0,Fixed,f,6.0,1,NZ,0.8
MuffinTag,Muffin,Felis catus,1970-01-01 02:26:00,1970-01-03 07:06:00,False,4.0,Fixed,f,15.0,1,NZ,9.0
MollyTag,Molly,Felis catus,1970-01-01 20:56:00,1970-01-03 05:16:00,False,4.0,Fixed,f,12.0,1,NZ,8.0
FlossTag,Floss,Felis catus,1970-01-01 05:28:00,1970-01-01 00:19:00,True,4.0,Fixed,f,12.0,1,NZ,1.0
JinxTag,Jinx,Felis catus,1970-01-01 00:56:00,1970-01-02 08:15:00,True,4.0,Fixed,m,20.0,1,NZ,8.0
AvaTag,Ava,Felis catus,1970-01-01 02:06:00,1970-01-02 07:38:00,True,4.0,Fixed,f,20.0,1,NZ,2.0
AllieTag,Allie,Felis catus,1970-01-01 00:16:00,1970-01-01 02:35:00,True,4.0,Fixed,f,6.0,1,NZ,8.0
JessTag,Jess,Felis catus,1970-01-01 01:06:00,1970-01-02 22:46:00,True,4.0,Fixed,f,12.0,1,NZ,11.0
Timmy1Tag,Timmy1,Felis catus,1970-01-01 01:36:00,1970-01-03 00:52:00,True,4.0,Fixed,m,12.0,1,NZ,1.0
TeddyTag,Teddy,Felis catus,1970-01-01 01:53:00,1970-01-02 21:09:00,False,4.0,Fixed,m,15.0,1,NZ,5.0
AresTag,Ares,Felis catus,1970-01-01 02:32:00,1970-01-03 03:47:00,False,4.0,Fixed,m,14.0,1,NZ,14.0
TheoTag,Theo,Felis catus,1970-01-01 02:25:00,1970-01-02 03:56:00,True,4.0,Fixed,m,22.0,1,NZ,5.0
NikoTag,Niko,Felis catus,1970-01-01 14:23:00,1970-01-01 23:23:00,True,4.0,Fixed,m,10.0,1,NZ,1.0
Maximus1Tag,Maximus1,Felis catus,1970-01-01 18:52:00,1970-01-01 16:50:00,False,4.0,Fixed,m,23.0,1,NZ,0.3
Babs1Tag,Babs1,Felis catus,1970-01-01 02:18:00,1970-01-02 14:07:00,True,4.0,Fixed,f,14.0,1,NZ,0.4
KiriTag,Kiri,Felis catus,1970-01-02 23:50:00,1970-01-02 17:18:00,True,4.0,Fixed,f,12.0,1,NZ,0.8
LucyTag,Lucy,Felis catus,1970-01-01 05:52:00,1970-01-01 05:25:00,False,4.0,Fixed,f,6.0,1,NZ,7.0
ZeusTag,Zeus,Felis catus,1970-01-01 03:27:00,1970-01-03 08:04:00,True,4.0,Fixed,m,10.0,1,NZ,1.0
DelphiTag,Delphi,Felis catus,1970-01-01 07:07:00,1970-01-03 06:41:00,True,4.0,Fixed,f,10.0,1,NZ,1.0
HufferTag,Huffer,Felis catus,1970-01-01 02:59:00,1970-01-01 08:30:00,False,4.0,Fixed,m,12.0,1,NZ,7.0
PoppyTag,Poppy,Felis catus,1970-01-01 02:17:00,1970-01-03 07:01:00,False,4.0,Fixed,f,23.0,1,NZ,16.0
MontyTag,Monty,Felis catus,1970-01-01 02:14:00,1970-01-01 12:15:00,False,4.0,Fixed,m,16.0,1,NZ,2.0
TysonTag,Tyson,Felis catus,1970-01-03 08:39:00,1970-01-01 17:04:00,True,4.0,Fixed,m,5.0,1,NZ,8.0
SophiaTag,Sophia,Felis catus,1970-01-01 01:21:00,1970-01-01 16:58:00,True,4.0,Fixed,f,10.0,1,NZ,3.0
PoppyIITag,PoppyII,Felis catus,1970-01-01 01:58:00,1970-01-02 14:47:00,False,4.0,Fixed,f,6.0,1,NZ,15.0
YasasTag,Yasas,Felis catus,1970-01-01 00:09:00,1970-01-03 05:45:00,False,4.0,Fixed,m,20.0,1,NZ,9.0
MabelTag,Mabel,Felis catus,1970-01-01 00:19:00,1970-01-01 22:36:00,True,4.0,Fixed,f,14.0,1,NZ,3.0
ColinTag,Colin,Felis catus,1970-01-01 01:50:00,1970-01-01 15:45:00,False,4.0,Fixed,m,8.0,1,NZ,3.0
MaxTag,Max,Felis catus,1970-01-01 01:52:00,1970-01-03 10:25:00,True,4.0,Fixed,m,20.0,1,NZ,1.0
PercyTag,Percy,Felis catus,1970-01-01 17:57:00,1970-01-03 08:52:00,True,4.0,Fixed,m,8.0,1,NZ,9.0
KaosTag,Kaos,Felis catus,1970-01-01 00:17:00,1970-01-01 21:41:00,True,4.0,Fixed,m,4.0,1,NZ,7.0
OkieTag,Okie,Felis catus,1970-01-01 00:19:00,1970-01-01 11:59:00,True,4.0,Fixed,f,16.0,1,NZ,1.0
RiggsTag,Riggs,Felis catus,1970-01-01 01:44:00,1970-01-03 06:05:00,True,4.0,Fixed,m,14.0,1,NZ,1.0
NalaTag,Nala,Felis catus,1970-01-01 02:04:00,1970-01-01 07:16:00,True,4.0,Fixed,f,8.0,1,NZ,1.0
AslanTag,Aslan,Felis catus,1970-01-01 02:16:00,1970-01-02 02:29:00,False,4.0,Fixed,m,15.0,1,NZ,11.0
MuffinIITag,MuffinII,Felis catus,1970-01-02 21:02:00,1970-01-02 10:17:00,True,4.0,Fixed,f,18.0,1,NZ,4.0
SylvesterTag,Sylvester,Felis catus,1970-01-01 00:52:00,1970-01-01 16:03:00,True,4.0,Fixed,m,10.0,1,NZ,7.0
CharlieTag,Charlie,Felis catus,1970-01-01 02:31:00,1970-01-02 20:08:00,False,4.0,Fixed,m,20.0,1,NZ,1.0
KyroTag,Kyro,Felis catus,1970-01-01 04:45:00,1970-01-02 04:44:00,False,4.0,Fixed,m,12.0,1,NZ,11.0
MontyIITag,MontyII,Felis catus,1970-01-01 17:14:00,1970-01-02 23:11:00,True,4.0,Fixed,m,10.0,1,NZ,1.0
BootsTag,Boots,Felis catus,1970-01-02 06:01:00,1970-01-02 18:16:00,False,4.0,Fixed,f,12.0,1,NZ,2.0
RichieTag,Richie,Felis catus,1970-01-01 02:51:00,1970-01-02 15:16:00,True,4.0,Fixed,m,4.0,1,NZ,3.0
GeorgeTag,George,Felis catus,1970-01-03 11:48:00,1970-01-02 10:01:00,True,4.0,Fixed,m,15.0,1,NZ,9.0
SamanthaTag,Samantha,Felis catus,1970-01-01 02:35:00,1970-01-02 23:18:00,True,4.0,Fixed,f,21.0,1,NZ,9.0
MaggieTag,Maggie,Felis catus,1970-01-01 02:50:00,1970-01-03 11:14:00,True,4.0,Fixed,f,15.0,1,NZ,4.0
MaddieTag,Maddie,Felis catus,1970-01-01 04:25:00,1970-01-01 08:09:00,False,4.0,Fixed,f,12.0,1,NZ,4.0
CarinaTag,Carina,Felis catus,1970-01-01 04:55:00,1970-01-01 17:45:00,True,4.0,Fixed,f,18.0,1,NZ,2.0
HappyFeetTag,HappyFeet,Felis catus,1970-01-01 08:48:00,1970-01-03 04:19:00,True,4.0,Fixed,m,10.0,1,NZ,4.0
ChilliTag,Chilli,Felis catus,1970-01-01 02:33:00,1970-01-02 20:31:00,True,4.0,Fixed,m,22.0,1,NZ,1.0
TinaTag,Tina,Felis catus,1970-01-01 02:38:00,1970-01-01 10:15:00,True,4.0,Fixed,f,5.0,1,NZ,4.0
CornflakeTag,Cornflake,Felis catus,1970-01-01 18:09:00,1970-01-01 18:59:00,True,4.0,Fixed,f,10.0,1,NZ,3.0
PharosTag,Pharos,Felis catus,1970-01-01 01:58:00,1970-01-03 03:36:00,True,4.0,Fixed,f,8.0,1,NZ,8.0
BaileeTag,Bailee,Felis catus,1970-01-01 01:59:00,1970-01-01 02:04:00,False,4.0,Fixed,m,2.0,1,NZ,8.0
ApplesTag,Apples,Felis catus,1970-01-01 02:33:00,1970-01-02 10:20:00,True,4.0,Fixed,f,10.0,1,NZ,10.0
HenryTag,Henry,Felis catus,1970-01-01 01:55:00,1970-01-02 05:11:00,True,4.0,Fixed,m,4.0,1,NZ,6.0
MarleyTag,Marley,Felis catus,1970-01-01 02:55:00,1970-01-02 08:22:00,True,4.0,Fixed,m,5.0,1,NZ,3.0
LunaTag,Luna,Felis catus,1970-01-01 02:09:00,1970-01-01 03:23:00,True,4.0,Fixed,f,8.0,1,NZ,2.0
MilkshakesTag,Milkshakes,Felis catus,1970-01-01 02:31:00,1970-01-02 00:30:00,True,4.0,Fixed,m,8.0,1,NZ,3.0
MidnightTag,Midnight,Felis catus,1970-01-01 02:34:00,1970-01-03 02:54:00,True,4.0,Fixed,f,6.0,1,NZ,6.0
BellaIITag,BellaII,Felis catus,1970-01-01 02:43:00,1970-01-01 05:32:00,True,4.0,Fixed,f,19.0,1,NZ,8.0
SkittlesTag,Skittles,Felis catus,1970-01-01 02:35:00,1970-01-01 03:26:00,True,4.0,Fixed,f,5.0,1,NZ,2.0
BellaTag,Bella,Felis catus,1970-01-01 00:44:00,1970-01-01 17:25:00,False,4.0,Fixed,f,20.0,1,NZ,4.0
PennyTag,Penny,Felis catus,1970-01-01 02:05:00,1970-01-03 04:15:00,True,4.0,Fixed,f,10.0,1,NZ,1.0
NougieTag,Nougie,Felis catus,1970-01-01 02:04:00,1970-01-01 11:46:00,True,4.0,Fixed,f,10.0,1,NZ,12.0
IzzieTag,Izzie,Felis catus,1970-01-01 04:38:00,1970-01-01 19:55:00,False,4.0,Fixed,f,12.0,1,NZ,1.0
MokaTag,Moka,Felis catus,1970-01-01 18:56:00,1970-01-01 00:59:00,True,4.0,Fixed,f,12.0,1,NZ,4.0
SniferTag,Snifer,Felis catus,1970-01-01 13:36:00,1970-01-02 06:39:00,True,4.0,Fixed,f,13.0,1,NZ,5.0
JinglesTag,Jingles,Felis catus,1970-01-01 16:19:00,1970-01-01 03:25:00,True,4.0,Fixed,f,12.0,1,NZ,7.0
EllieTag,Ellie,Felis catus,1970-01-03 03:57:00,1970-01-01 01:14:00,True,4.0,Fixed,f,22.0,1,NZ,8.0
AshTag,Ash,Felis catus,1970-01-02 07:03:00,1970-01-02 00:57:00,True,4.0,Fixed,m,18.0,1,NZ,8.0
TigerTag,Tiger,Felis catus,1970-01-01 01:55:00,1970-01-01 04:57:00,True,4.0,Fixed,m,16.0,1,NZ,1.0
OllieTag,Ollie,Felis catus,1970-01-01 00:50:00,1970-01-02 04:10:00,True,4.0,Fixed,m,12.0,1,NZ,2.0
RogerTag,Roger,Felis catus,1970-01-01 03:44:00,1970-01-02 05:27:00,True,4.0,Fixed,m,16.0,1,NZ,0.2
RosieTag,Rosie,Felis catus,1970-01-03 01:18:00,1970-01-01 09:03:00,False,4.0,Fixed,f,16.0,1,NZ,0.2
McIvorTag,McIvor,Felis catus,1970-01-01 02:21:00,1970-01-01 22:27:00,False,4.0,Fixed,m,22.0,1,NZ,10.0
SpudTag,Spud,Felis catus,1970-01-01 03:37:00,1970-01-03 06:25:00,False,4.0,Fixed,f,8.0,1,NZ,10.0
NimzyTag,Nimzy,Felis catus,1970-01-01 03:58:00,1970-01-01 03:41:00,False,4.0,Fixed,f,12.0,1,NZ,4.0
SabbathTag,Sabbath,Felis catus,1970-01-01 04:16:00,1970-01-02 14:25:00,True,4.0,Fixed,m,16.0,1,NZ,9.0
BrambleTag,Bramble,Felis catus,1970-01-03 00:28:00,1970-01-01 09:59:00,True,4.0,Fixed,f,16.0,1,NZ,3.0
BellaIIITag,BellaIII,Felis catus,1970-01-01 00:59:00,1970-01-03 05:44:00,True,4.0,Fixed,f,10.0,1,NZ,4.0
LennyTag,Lenny,Felis catus,1970-01-01 02:15:00,1970-01-01 11:35:00,True,4.0,Fixed,m,10.0,1,NZ,1.0
ZuluTag,Zulu,Felis catus,1970-01-01 17:42:00,1970-01-01 19:53:00,True,4.0,Fixed,f,14.0,1,NZ,4.0
LillyTag,Lilly,Felis catus,1970-01-01 18:28:00,1970-01-02 02:59:00,True,4.0,Fixed,f,10.0,1,NZ,3.0
TerabyteTag,Terabyte,Felis catus,1970-01-01 21:56:00,1970-01-01 22:46:00,True,4.0,Fixed,f,12.0,1,NZ,1.0
PiggieSueTag,PiggieSue,Felis catus,1970-01-01 02:50:00,1970-01-03 07:36:00,True,4.0,Fixed,f,6.0,1,NZ,0.8
NekoIITag,NekoII,Felis catus,1970-01-01 02:34:00,1970-01-03 10:27:00,True,4.0,Fixed,f,6.0,1,NZ,4.0
RogueTag,Rogue,Felis catus,1970-01-01 02:51:00,1970-01-02 03:58:00,True,4.0,Fixed,f,8.0,1,NZ,6.0
LorenzoTag,Lorenzo,Felis catus,1970-01-01 07:07:00,1970-01-01 08:39:00,True,4.0,Fixed,m,15.0,1,NZ,2.0
BasilTag,Basil,Felis catus,1970-01-01 14:31:00,1970-01-01 15:21:00,True,4.0,Fixed,m,8.0,1,NZ,9.0
BuzzTag,Buzz,Felis catus,1970-01-01 06:08:00,1970-01-02 21:46:00,True,4.0,Fixed,m,15.0,1,NZ,2.0
CookieTag,Cookie,Felis catus,1970-01-01 01:50:00,1970-01-01 06:09:00,True,4.0,Fixed,f,8.0,1,NZ,3.0
TenzingTag,Tenzing,Felis catus,1970-01-02 04:38:00,1970-01-03 06:28:00,True,4.0,Fixed,f,14.0,1,NZ,3.0
DottiTag,Dotti,Felis catus,1970-01-01 00:55:00,1970-01-02 03:27:00,True,4.0,Fixed,f,18.0,1,NZ,7.0
PoppyIIITag,PoppyIII,Felis catus,1970-01-01 03:12:00,1970-01-02 19:00:00,True,4.0,Fixed,f,2.0,1,NZ,14.0
EwokTag,Ewok,Felis catus,1970-01-01 05:26:00,1970-01-02 13:26:00,True,4.0,Unneutered,m,10.0,1,NZ,2.0
GertieTag,Gertie,Felis catus,1970-01-02 07:47:00,1970-01-01 09:50:00,True,4.0,Fixed,f,15.0,1,NZ,2.0
ElliotTag,Elliot,Felis catus,1970-01-01 20:21:00,1970-01-02 15:13:00,True,4.0,Fixed,m,9.0,1,NZ,2.0
MosesTag,Moses,Felis catus,1970-01-01 19:28:00,1970-01-01 11:41:00,True,4.0,Fixed,m,12.0,1,NZ,2.0
NalaIITag,NalaII,Felis catus,1970-01-02 01:04:00,1970-01-02 05:57:00,True,4.0,Fixed,f,10.0,1,NZ,2.0
BonnieTag,Bonnie,Felis catus,1970-01-03 01:25:00,1970-01-01 23:58:00,False,4.0,Fixed,f,12.0,1,NZ,8.0
SmudgyBumTag,SmudgyBum,Felis catus,1970-01-02 16:48:00,1970-01-02 08:47:00,True,4.0,Fixed,m,2.0,1,NZ,9.0
SativaTag,Sativa,Felis catus,1970-01-02 09:09:00,1970-01-01 01:34:00,True,4.0,Fixed,m,6.0,1,NZ,5.0
SantiTag,Santi,Felis catus,1970-01-01 03:25:00,1970-01-01 22:58:00,True,4.0,Fixed,f,11.0,1,NZ,2.0
PalomaTag,Paloma,Felis catus,1970-01-01 04:21:00,1970-01-01 06:52:00,True,4.0,Fixed,f,16.0,1,NZ,2.0
PepperTag,Pepper,Felis catus,1970-01-01 12:34:00,1970-01-03 03:11:00,False,4.0,Fixed,f,22.0,1,NZ,10.0
MaomaoTag,Maomao,Felis catus,1970-01-01 02:32:00,1970-01-03 00:18:00,False,4.0,Fixed,m,4.0,1,NZ,8.0
NuggetTag,Nugget,Felis catus,1970-01-01 02:06:00,1970-01-02 15:30:00,True,4.0,Fixed,f,18.0,1,NZ,6.0
CatsbyTag,Catsby,Felis catus,1970-01-01 02:26:00,1970-01-01 07:24:00,True,4.0,Fixed,f,12.0,1,NZ,5.0
FelixTag,Felix,Felis catus,1970-01-01 02:27:00,1970-01-03 10:48:00,True,4.0,Fixed,m,8.0,1,NZ,7.0
AstrylTag,Astryl,Felis catus,1970-01-01 02:41:00,1970-01-01 09:47:00,True,4.0,Fixed,f,12.0,1,NZ,12.0
CasperTag,Casper,Felis catus,1970-01-02 07:55:00,1970-01-02 18:45:00,True,4.0,Fixed,m,16.0,1,NZ,4.0
RosieIITag,RosieII,Felis catus,1970-01-02 12:26:00,1970-01-01 06:59:00,True,4.0,Fixed,f,6.0,1,NZ,1.0
DanaTag,Dana,Felis catus,1970-01-01 21:27:00,1970-01-01 03:18:00,True,4.0,Fixed,m,12.0,1,NZ,8.0
WillowTag,Willow,Felis catus,1970-01-01 01:52:00,1970-01-01 05:13:00,False,4.0,Fixed,f,20.0,1,NZ,15.0
TaraTag,Tara,Felis catus,1970-01-01 21:22:00,1970-01-01 03:43:00,True,4.0,Fixed,f,14.0,1,NZ,7.0
TriceraCatTag,TriceraCat,Felis catus,1970-01-01 00:39:00,1970-01-03 09:40:00,True,4.0,Fixed,f,14.0,1,NZ,4.0
StinkeyTag,Stinkey,Felis catus,1970-01-01 02:24:00,1970-01-03 01:15:00,True,4.0,Fixed,m,9.0,1,NZ,0.9
KittysaurusRexTag,KittysaurusRex,Felis catus,1970-01-01 03:18:00,1970-01-03 09:29:00,True,4.0,Fixed,m,8.0,1,NZ,5.0
GinTag,Gin,Felis catus,1970-01-01 02:04:00,1970-01-02 01:49:00,True,4.0,Fixed,f,10.0,1,NZ,5.0
LailaTag,Laila,Felis catus,1970-01-01 02:05:00,1970-01-01 08:32:00,True,4.0,Fixed,f,12.0,1,NZ,7.0
TamariAlmondTag,TamariAlmond,Felis catus,1970-01-01 02:21:00,1970-01-02 23:18:00,False,4.0,Fixed,f,12.0,1,NZ,5.0
ZeusIITag,ZeusII,Felis catus,1970-01-01 02:23:00,1970-01-01 16:27:00,True,4.0,Fixed,m,12.0,1,NZ,1.0
CazadorTag,Cazador,Felis catus,1970-01-01 02:33:00,1970-01-03 04:00:00,False,4.0,Fixed,m,19.0,1,NZ,0.4
AxelTag,Axel,Felis catus,1970-01-01 03:11:00,1970-01-01 10:11:00,False,4.0,Fixed,m,8.0,1,NZ,0.9
PabloTag,Pablo,Felis catus,1970-01-01 20:23:00,1970-01-02 17:28:00,True,4.0,Fixed,m,10.0,1,NZ,3.0
PoppyIVTag,PoppyIV,Felis catus,1970-01-02 16:34:00,1970-01-02 00:46:00,False,4.0,Fixed,f,10.0,1,NZ,2.0
AliceTag,Alice,Felis catus,1970-01-02 21:37:00,1970-01-02 00:24:00,True,4.0,Fixed,f,8.0,1,NZ,5.0
StellaTag,Stella,Felis catus,1970-01-01 16:19:00,1970-01-03 01:09:00,False,4.0,Fixed,f,15.0,1,NZ,11.0
SpiceTag,Spice,Felis catus,1970-01-01 01:57:00,1970-01-01 15:15:00,False,4.0,Fixed,m,10.0,1,NZ,4.0
SelenaTag,Selena,Felis catus,1970-01-01 01:57:00,1970-01-01 16:17:00,True,4.0,Fixed,f,18.0,1,NZ,9.0
WhiskeyTag,Whiskey,Felis catus,1970-01-01 02:28:00,1970-01-03 11:24:00,True,4.0,Fixed,m,16.0,1,NZ,1.0
MissieTag,Missie,Felis catus,1970-01-01 03:45:00,1970-01-01 23:12:00,True,4.0,Fixed,f,10.0,1,NZ,4.0
KatyTag,Katy,Felis catus,1970-01-01 21:02:00,1970-01-02 22:21:00,True,4.0,Fixed,f,7.0,1,NZ,10.0
MinervaTag,Minerva,Felis catus,1970-01-02 07:09:00,1970-01-01 17:34:00,True,4.0,Fixed,f,15.0,1,NZ,6.0
MerlinTag,Merlin,Felis catus,1970-01-01 10:08:00,1970-01-01 04:57:00,False,4.0,Fixed,m,12.0,1,NZ,0.9
CocoTag,Coco,Felis catus,1970-01-01 21:43:00,1970-01-02 10:52:00,False,4.0,Fixed,f,16.0,1,NZ,10.0
SubieTag,Subie,Felis catus,1970-01-01 00:35:00,1970-01-01 06:01:00,True,4.0,Fixed,f,14.0,1,NZ,2.0
SkyIITag,SkyII,Felis catus,1970-01-01 01:53:00,1970-01-01 12:03:00,True,4.0,Fixed,f,17.0,1,NZ,2.0
PollyTag,Polly,Felis catus,1970-01-01 02:34:00,1970-01-03 10:27:00,False,4.0,Fixed,m,10.0,1,NZ,7.0
SandmanTag,Sandman,Felis catus,1970-01-01 20:11:00,1970-01-03 01:54:00,True,4.0,Fixed,m,5.0,1,NZ,3.0
GussTag,Guss,Felis catus,1970-01-02 05:52:00,1970-01-02 15:31:00,True,4.0,Fixed,m,16.0,1,NZ,8.0
VinnieTag,Vinnie,Felis catus,1970-01-01 02:25:00,1970-01-02 15:34:00,True,4.0,Fixed,m,14.0,1,NZ,1.0
ZenoTag,Zeno,Felis catus,1970-01-01 19:33:00,1970-01-01 21:04:00,True,4.0,Fixed,f,10.0,1,NZ,4.0
RockyTag,Rocky,Felis catus,1970-01-01 04:33:00,1970-01-01 22:40:00,False,4.0,Fixed,m,20.0,1,NZ,8.0
LuxTag,Lux,Felis catus,1970-01-01 22:22:00,1970-01-01 01:10:00,True,4.0,Fixed,f,20.0,1,NZ,6.0
BearTag,Bear,Felis catus,1970-01-01 02:28:00,1970-01-03 10:00:00,True,4.0,Fixed,f,4.0,1,NZ,4.0
GusTag,Gus,Felis catus,1970-01-01 06:13:00,1970-01-01 04:23:00,True,4.0,Fixed,m,10.0,1,NZ,3.0
HarveyTag,Harvey,Felis catus,1970-01-01 19:24:00,1970-01-02 19:52:00,False,4.0,Fixed,m,23.0,1,NZ,9.0
WinstonTag,Winston,Felis catus,1970-01-03 07:23:00,1970-01-01 17:02:00,False,4.0,Fixed,m,11.0,1,NZ,13.0
TabsTag,Tabs,Felis catus,1970-01-02 22:49:00,1970-01-01 22:54:00,True,4.0,Fixed,f,18.0,1,NZ,5.0
LemonSqueezyTag,LemonSqueezy,Felis catus,1970-01-02 03:27:00,1970-01-01 07:27:00,False,4.0,Fixed,f,11.0,1,NZ,7.0
MungoTag,Mungo,Felis catus,1970-01-02 17:03:00,1970-01-01 09:48:00,True,4.0,Fixed,m,16.0,1,NZ,7.0
PipiTag,Pipi,Felis catus,1970-01-01 20:18:00,1970-01-01 07:55:00,True,4.0,Fixed,f,17.0,1,NZ,7.0
BuddyTag,Buddy,Felis catus,1970-01-01 02:13:00,1970-01-03 09:56:00,True,4.0,Fixed,m,7.0,1,NZ,7.0
ArchieTag,Archie,Felis catus,1970-01-01 05:25:00,1970-01-01 01:53:00,True,4.0,Fixed,m,12.0,1,NZ,4.0
ThomasIITag,ThomasII,Felis catus,1970-01-01 18:21:00,1970-01-01 03:18:00,True,4.0,Fixed,m,20.0,1,NZ,5.0
AlfieTag,Alfie,Felis catus,1970-01-01 19:40:00,1970-01-01 02:34:00,True,4.0,Fixed,m,16.0,1,NZ,2.0
RubyTag,Ruby,Felis catus,1970-01-01 22:20:00,1970-01-01 07:02:00,True,4.0,Fixed,f,18.0,1,NZ,1.0
LokiTag,Loki,Felis catus,1970-01-01 19:57:00,1970-01-02 18:41:00,True,4.0,Fixed,m,14.0,1,NZ,1.0
MartyTag,Marty,Felis catus,1970-01-01 16:39:00,1970-01-01 07:34:00,True,4.0,Fixed,m,16.0,1,NZ,2.0
SchrodingerTag,Schrodinger,Felis catus,1970-01-03 11:34:00,1970-01-03 07:26:00,True,4.0,Fixed,f,14.0,1,NZ,4.0
TuiTag,Tui,Felis catus,1970-01-01 22:37:00,1970-01-01 22:25:00,True,4.0,Fixed,f,14.0,1,NZ,2.0
Shadow-NinjaTag,Shadow-Ninja,Felis catus,1970-01-01 01:14:00,1970-01-01 16:54:00,False,4.0,Fixed,m,3.0,1,NZ,2.0
DashTag,Dash,Felis catus,1970-01-01 02:06:00,1970-01-02 09:33:00,True,4.0,Fixed,m,7.0,1,NZ,4.0
Cutie-GirlTag,Cutie-Girl,Felis catus,1970-01-01 03:04:00,1970-01-01 10:26:00,True,4.0,Fixed,f,4.0,1,NZ,2.0
KimyTag,Kimy,Felis catus,1970-01-02 10:06:00,1970-01-02 10:02:00,True,4.0,Fixed,f,6.0,1,NZ,7.0
ChessTag,Chess,Felis catus,1970-01-03 05:33:00,1970-01-03 04:00:00,True,4.0,Fixed,f,18.0,1,NZ,9.0
SussTag,Suss,Felis catus,1970-01-02 17:53:00,1970-01-02 05:31:00,True,4.0,Fixed,f,12.0,1,NZ,4.0
SebTag,Seb,Felis catus,1970-01-01 04:58:00,1970-01-03 10:57:00,True,4.0,Fixed,m,12.0,1,NZ,6.0
GinIITag,GinII,Felis catus,1970-01-01 02:18:00,1970-01-03 11:30:00,True,4.0,Fixed,m,12.0,1,NZ,5.0
TillyTag,Tilly,Felis catus,1970-01-01 02:20:00,1970-01-01 20:15:00,True,4.0,Fixed,m,8.0,1,NZ,4.0
BusterTag,Buster,Felis catus,1970-01-01 05:28:00,1970-01-03 11:45:00,True,4.0,Fixed,m,12.0,1,NZ,1.0
DingoTag,Dingo,Felis catus,1970-01-01 23:43:00,1970-01-01 02:41:00,True,4.0,Fixed,m,8.0,1,NZ,4.0
TobyTag,Toby,Felis catus,1970-01-01 23:08:00,1970-01-02 22:08:00,True,4.0,Fixed,m,18.0,1,NZ,6.0
SleekyTag,Sleeky,Felis catus,1970-01-01 02:39:00,1970-01-03 07:46:00,False,4.0,Fixed,m,4.0,1,NZ,11.0
SootyTag,Sooty,Felis catus,1970-01-01 18:56:00,1970-01-01 09:36:00,True,4.0,Fixed,f,10.0,1,NZ,2.0
MarmiteTag,Marmite,Felis catus,1970-01-03 03:24:00,1970-01-03 10:04:00,True,4.0,Fixed,f,14.0,1,NZ,4.0
MilliGalTag,MilliGal,Felis catus,1970-01-01 02:26:00,1970-01-03 09:11:00,True,4.0,Fixed,f,15.0,1,NZ,7.0
Frizzle,Frizzle,Felis catus,1970-01-02 08:04:00,1970-01-03 09:04:00,True,0.0,Fixed,m,20.0,1,AUS,3.0
MonMonTag,MonMon,Felis catus,1970-01-02 08:22:00,1970-01-03 11:55:00,True,3.0,Fixed,f,0.0,1,AUS,4.0
BuddyTag,Buddy,Felis catus,1970-01-03 11:33:00,1970-01-01 01:21:00,True,1.0,Fixed,m,21.0,1,AUS,2.0
TigerTag,Tiger,Felis catus,1970-01-02 08:24:00,1970-01-03 06:13:00,True,1.0,Fixed,m,10.0,1,AUS,5.0
JamieTag,Jamie,Felis catus,1970-01-02 08:31:00,1970-01-03 09:56:00,True,3.0,Fixed,m,10.0,1,AUS,9.0
BruceWillisPussingtonTag,BruceWillisPussington,Felis catus,1970-01-02 07:46:00,1970-01-01 06:25:00,True,1.0,Fixed,m,14.0,1,AUS,7.0
SkittlesTag,Skittles,Felis catus,1970-01-01 02:05:00,1970-01-01 16:01:00,True,11.0,Fixed,m,18.0,1,AUS,2.0
PrincessTag,Princess,Felis catus,1970-01-01 02:59:00,1970-01-01 05:03:00,True,6.0,Fixed,f,8.0,1,AUS,0.0
LoftyTag,Lofty,Felis catus,1970-01-01 17:51:00,1970-01-02 13:44:00,True,21.0,Fixed,m,3.0,1,AUS,13.0
ZazzieTag,Zazzie,Felis catus,1970-01-01 23:59:00,1970-01-02 21:28:00,True,0.0,Fixed,m,5.0,1,AUS,12.0
CrumpetTag,Crumpet,Felis catus,1970-01-02 01:34:00,1970-01-02 20:34:00,True,3.0,Fixed,f,7.0,1,AUS,4.0
TobyTag,Toby,Felis catus,1970-01-01 01:52:00,1970-01-02 04:53:00,True,1.0,Fixed,m,12.0,1,AUS,0.0
IsabelTag,Isabel,Felis catus,1970-01-01 20:45:00,1970-01-02 14:20:00,True,1.0,Fixed,f,10.0,1,AUS,3.0
PennyTag,Penny,Felis catus,1970-01-01 01:57:00,1970-01-02 04:16:00,True,2.0,Fixed,f,10.0,1,AUS,2.0
MistyTag,Misty,Felis catus,1970-01-01 02:34:00,1970-01-02 05:13:00,True,9.0,Fixed,f,1.0,1,AUS,10.0
SookieTag,Sookie,Felis catus,1970-01-01 02:51:00,1970-01-02 04:36:00,True,21.0,Fixed,f,6.0,1,AUS,6.0
PippinTag,Pippin,Felis catus,1970-01-01 02:57:00,1970-01-01 02:00:00,True,7.0,Fixed,m,2.0,1,AUS,5.0
SqueakTag,Squeak,Felis catus,1970-01-02 15:45:00,1970-01-02 11:51:00,True,11.0,Fixed,f,14.0,1,AUS,2.0
AnakinTag,Anakin,Felis catus,1970-01-01 02:04:00,1970-01-02 03:08:00,True,1.0,Fixed,m,10.0,1,AUS,2.0
ErnieTag,Ernie,Felis catus,1970-01-01 05:01:00,1970-01-02 04:10:00,True,0.0,Fixed,m,5.0,1,AUS,11.0
WallyTag,Wally,Felis catus,1970-01-01 05:17:00,1970-01-02 05:56:00,True,0.0,Fixed,m,5.0,2,AUS,2.0
BellaTag,Bella,Felis catus,1970-01-02 10:26:00,1970-01-03 10:51:00,False,0.0,Fixed,f,23.0,1,AUS,14.0
JaxTag,Jax,Felis catus,1970-01-01 02:03:00,1970-01-02 05:34:00,True,6.0,Fixed,m,10.0,1,AUS,2.0
RamsesTag,Ramses,Felis catus,1970-01-01 02:39:00,1970-01-01 08:41:00,True,1.0,Fixed,m,8.0,1,AUS,6.0
TiggaTag,Tigga,Felis catus,1970-01-01 18:26:00,1970-01-02 11:49:00,True,3.0,Fixed,m,3.0,1,AUS,12.0
FantaPantsTag,FantaPants,Felis catus,1970-01-02 08:04:00,1970-01-01 07:04:00,True,2.0,Fixed,m,4.0,1,AUS,5.0
MatildaTag,Matilda,Felis catus,1970-01-03 02:12:00,1970-01-02 03:23:00,True,1.0,Fixed,f,12.0,1,AUS,8.0
TilenTag,Tilen,Felis catus,1970-01-02 19:39:00,1970-01-02 08:07:00,False,0.0,Fixed,f,10.0,1,AUS,1.0
BelTag,Bel,Felis catus,1970-01-02 22:20:00,1970-01-02 05:48:00,True,4.0,Fixed,f,20.0,1,AUS,1.0
Lucy2Tag,Lucy2,Felis catus,1970-01-01 01:55:00,1970-01-02 04:33:00,False,0.0,Fixed,f,8.0,1,AUS,1.0
OllieTag,Ollie,Felis catus,1970-01-01 02:04:00,1970-01-02 03:03:00,True,4.0,Fixed,m,12.0,1,AUS,5.0
CharlieTag,Charlie,Felis catus,1970-01-02 07:29:00,1970-01-03 09:16:00,True,2.0,Fixed,m,16.0,1,AUS,5.0
SissyTag,Sissy,Felis catus,1970-01-02 07:58:00,1970-01-03 11:24:00,True,1.0,Fixed,f,18.0,3,AUS,3.0
LouiseTag,Louise,Felis catus,1970-01-02 08:29:00,1970-01-03 08:58:00,True,3.0,Fixed,f,15.0,2,AUS,4.0
JasperTag,Jasper,Felis catus,1970-01-02 09:46:00,1970-01-03 09:56:00,False,0.0,Fixed,m,12.0,1,AUS,5.0
LightningTag,Lightning,Felis catus,1970-01-03 07:04:00,1970-01-01 23:39:00,False,0.0,Fixed,f,9.0,1,AUS,1.0
MandyTag,Mandy,Felis catus,1970-01-01 00:59:00,1970-01-02 20:02:00,True,6.0,Fixed,f,12.0,2,AUS,1.0
SaffyTag,Saffy,Felis catus,1970-01-02 07:59:00,1970-01-03 07:01:00,True,1.0,Fixed,f,22.0,1,AUS,2.0
ShellyTag,Shelly,Felis catus,1970-01-02 09:54:00,1970-01-02 16:42:00,False,0.0,Fixed,f,1.0,1,AUS,6.0
RubyTag,Ruby,Felis catus,1970-01-02 07:03:00,1970-01-02 02:27:00,True,3.0,Fixed,f,12.0,1,AUS,10.0
ThomasTag,Thomas,Felis catus,1970-01-02 08:22:00,1970-01-02 11:58:00,True,0.0,Fixed,m,4.0,1,AUS,5.0
MystiTag,Mysti,Felis catus,1970-01-03 03:17:00,1970-01-02 02:38:00,True,1.0,Fixed,f,20.0,1,AUS,18.0
MoochieTag,Moochie,Felis catus,1970-01-02 02:00:00,1970-01-02 18:11:00,False,0.0,Fixed,f,10.0,1,AUS,4.0
RaizorTag,Raizor,Felis catus,1970-01-02 06:41:00,1970-01-01 18:43:00,True,5.0,Fixed,f,8.0,2,AUS,2.0
NekoMeiTag,NekoMei,Felis catus,1970-01-02 06:57:00,1970-01-01 06:09:00,False,0.0,Fixed,f,14.0,3,AUS,9.0
MillyTag,Milly,Felis catus,1970-01-02 07:42:00,1970-01-01 10:07:00,True,5.0,Fixed,f,10.0,1,AUS,4.0
SlasherTag,Slasher,Felis catus,1970-01-02 08:41:00,1970-01-01 12:40:00,True,9.0,Fixed,f,8.0,1,AUS,8.0
DetectiveTeddyTag,DetectiveTeddy,Felis catus,1970-01-02 08:56:00,1970-01-03 10:50:00,True,5.0,Fixed,m,5.0,1,AUS,8.0
Misty2Tag,Misty2,Felis catus,1970-01-02 08:58:00,1970-01-02 23:39:00,True,17.0,Fixed,f,15.0,1,AUS,8.0
BigFellaTag,BigFella,Felis catus,1970-01-02 09:30:00,1970-01-01 05:57:00,True,2.0,Fixed,f,12.0,1,AUS,7.0
LadyVelvetTag,LadyVelvet,Felis catus,1970-01-02 09:32:00,1970-01-03 10:50:00,False,0.0,Fixed,f,20.0,2,AUS,8.0
MaxTag,Max,Felis catus,1970-01-02 12:05:00,1970-01-02 00:11:00,True,21.0,Fixed,m,15.0,2,AUS,8.0
MikaTag,Mika,Felis catus,1970-01-01 02:43:00,1970-01-02 04:36:00,True,1.0,Fixed,f,18.0,1,AUS,3.0
AtikTag,Atik,Felis catus,1970-01-02 09:26:00,1970-01-03 09:42:00,True,5.0,Fixed,f,12.0,1,AUS,2.0
KallieTag,Kallie,Felis catus,1970-01-02 09:56:00,1970-01-03 09:44:00,True,5.0,Fixed,f,10.0,1,AUS,1.0
PixieTag,Pixie,Felis catus,1970-01-02 10:28:00,1970-01-03 11:41:00,True,3.0,Fixed,f,10.0,1,AUS,5.0
GenieTag,Genie,Felis catus,1970-01-02 23:26:00,1970-01-02 07:43:00,True,2.0,Fixed,f,14.0,1,AUS,4.0
Milly2Tag,Milly2,Felis catus,1970-01-03 02:34:00,1970-01-02 03:29:00,True,3.0,Fixed,f,15.0,1,AUS,11.0
SkittyTag,Skitty,Felis catus,1970-01-01 02:33:00,1970-01-03 06:26:00,True,6.0,Fixed,m,3.0,1,AUS,5.0
Max2Tag,Max2,Felis catus,1970-01-02 09:56:00,1970-01-02 04:17:00,True,2.0,Fixed,m,3.0,1,AUS,3.0
KittyTag,Kitty,Felis catus,1970-01-02 23:46:00,1970-01-01 23:07:00,True,1.0,Fixed,m,3.0,1,AUS,4.0
DrakeTag,Drake,Felis catus,1970-01-02 15:01:00,1970-01-01 07:00:00,True,1.0,Fixed,f,18.0,1,AUS,10.0
DelilahTag,Delilah,Felis catus,1970-01-02 22:17:00,1970-01-03 07:06:00,True,5.0,Fixed,f,18.0,2,AUS,2.0
KramerTag,Kramer,Felis catus,1970-01-03 04:52:00,1970-01-01 15:28:00,True,4.0,Fixed,m,12.0,1,AUS,12.0
AdeleTag,Adele,Felis catus,1970-01-01 05:06:00,1970-01-03 08:58:00,True,6.0,Fixed,f,24.0,1,AUS,0.9
HenryTag,Henry,Felis catus,1970-01-02 06:34:00,1970-01-03 10:33:00,True,4.0,Fixed,m,15.0,1,AUS,1.0
RioTag,Rio,Felis catus,1970-01-02 07:14:00,1970-01-01 05:09:00,True,0.0,Fixed,f,15.0,1,AUS,4.0
SmokeyTag,Smokey,Felis catus,1970-01-02 07:36:00,1970-01-03 09:38:00,True,1.0,Fixed,f,6.0,2,AUS,3.0
SushiTag,Sushi,Felis catus,1970-01-02 07:56:00,1970-01-01 04:28:00,False,0.0,Fixed,f,20.0,1,AUS,3.0
MidoriTag,Midori,Felis catus,1970-01-02 08:16:00,1970-01-03 11:18:00,True,2.0,Fixed,f,8.0,1,AUS,7.0
Toby2Tag,Toby2,Felis catus,1970-01-02 08:23:00,1970-01-03 09:36:00,False,0.0,Fixed,m,15.0,1,AUS,2.0
TomTag,Tom,Felis catus,1970-01-02 08:34:00,1970-01-03 10:33:00,True,5.0,Fixed,m,6.0,1,AUS,12.0
MingoTag,Mingo,Felis catus,1970-01-02 08:45:00,1970-01-01 03:20:00,True,1.0,Fixed,f,19.0,2,AUS,5.0
SassyTag,Sassy,Felis catus,1970-01-02 09:04:00,1970-01-03 09:10:00,True,1.0,Fixed,f,19.0,2,AUS,6.0
BanditTag,Bandit,Felis catus,1970-01-02 09:44:00,1970-01-03 10:55:00,True,13.0,Fixed,f,4.0,1,AUS,3.0
HunterTag,Hunter,Felis catus,1970-01-03 03:48:00,1970-01-02 12:12:00,True,0.0,Fixed,m,10.0,1,AUS,1.0
DarkieTag,Darkie,Felis catus,1970-01-03 02:03:00,1970-01-01 08:25:00,True,6.0,Fixed,f,8.0,1,AUS,2.0
MangoTag,Mango,Felis catus,1970-01-01 00:22:00,1970-01-01 09:56:00,True,3.0,Fixed,m,14.0,1,AUS,1.0
CasperTag,Casper,Felis catus,1970-01-02 08:34:00,1970-01-03 08:05:00,True,3.0,Fixed,m,4.0,1,AUS,8.0
MiloTag,Milo,Felis catus,1970-01-02 09:41:00,1970-01-03 03:27:00,False,0.0,Fixed,f,14.0,4,AUS,0.58
CharlotteTag,Charlotte,Felis catus,1970-01-02 12:01:00,1970-01-01 10:03:00,True,3.0,Fixed,f,17.0,1,AUS,5.0
WizzerTag,Wizzer,Felis catus,1970-01-02 10:35:00,1970-01-02 17:26:00,True,3.0,Fixed,f,8.0,2,AUS,12.0
MickeyTag,Mickey,Felis catus,1970-01-02 16:22:00,1970-01-01 22:37:00,True,6.0,Fixed,m,8.0,2,AUS,4.0
JohnnyTag,Johnny,Felis catus,1970-01-01 07:49:00,1970-01-02 05:23:00,True,11.0,Fixed,m,4.0,3,AUS,2.0
MapleSyrupTag,MapleSyrup,Felis catus,1970-01-02 08:51:00,1970-01-01 08:30:00,False,0.0,Fixed,f,21.0,3,AUS,10.0
MugginsTag,Muggins,Felis catus,1970-01-02 08:23:00,1970-01-03 11:38:00,True,1.0,Fixed,m,2.0,1,AUS,0.0
CaspianTag,Caspian,Felis catus,1970-01-01 03:41:00,1970-01-01 07:27:00,True,11.0,Fixed,m,15.0,2,AUS,10.0
LiefTag,Lief,Felis catus,1970-01-03 03:37:00,1970-01-03 09:40:00,True,11.0,Fixed,m,24.0,1,AUS,3.0
RufusTag,Rufus,Felis catus,1970-01-01 01:34:00,1970-01-01 21:27:00,True,21.0,Fixed,m,18.0,4,AUS,6.0
UnoTag,Uno,Felis catus,1970-01-02 08:04:00,1970-01-01 08:11:00,True,1.0,Fixed,m,3.0,1,AUS,13.0
NellieTag,Nellie,Felis catus,1970-01-02 08:35:00,1970-01-03 10:59:00,True,2.0,Fixed,f,10.0,1,AUS,4.0
BobTag,Bob,Felis catus,1970-01-02 09:27:00,1970-01-02 18:58:00,True,4.0,Fixed,m,9.0,1,AUS,7.0
FergieTag,Fergie,Felis catus,1970-01-02 11:45:00,1970-01-01 21:16:00,False,0.0,Fixed,f,24.0,2,AUS,1.0
MarblesTag,Marbles,Felis catus,1970-01-03 03:52:00,1970-01-02 02:05:00,True,0.0,Fixed,m,20.0,2,AUS,7.0
ClawdTag,Clawd,Felis catus,1970-01-01 12:04:00,1970-01-03 02:58:00,True,3.0,Fixed,m,22.0,1,AUS,7.0
RodneyTag,Rodney,Felis catus,1970-01-02 09:27:00,1970-01-03 11:17:00,True,2.0,Fixed,m,10.0,2,AUS,4.0
NinjaTag,Ninja,Felis catus,1970-01-02 07:24:00,1970-01-01 01:53:00,True,6.0,Fixed,f,22.0,1,AUS,1.0
Lucy3Tag,Lucy3,Felis catus,1970-01-02 09:34:00,1970-01-02 05:26:00,True,6.0,Fixed,f,1.0,1,AUS,3.0
MarthaTag,Martha,Felis catus,1970-01-03 06:26:00,1970-01-03 10:20:00,True,1.0,Fixed,f,20.0,3,AUS,2.0
MomoTag,Momo,Felis catus,1970-01-02 00:42:00,1970-01-01 09:31:00,True,1.0,Fixed,f,12.0,1,AUS,2.0
LilliputTag,Lilliput,Felis catus,1970-01-02 06:58:00,1970-01-03 08:37:00,True,3.0,Fixed,f,23.0,2,AUS,3.0
LucimsTag,Lucims,Felis catus,1970-01-02 07:47:00,1970-01-01 18:36:00,False,0.0,Fixed,f,1.0,1,AUS,15.0
TipsyTag,Tipsy,Felis catus,1970-01-02 07:59:00,1970-01-03 08:30:00,False,0.0,Fixed,f,20.0,1,AUS,10.0
MissyMooTag,MissyMoo,Felis catus,1970-01-02 08:20:00,1970-01-01 15:17:00,False,0.0,Fixed,f,18.0,1,AUS,8.0
MintyTag,Minty,Felis catus,1970-01-02 09:59:00,1970-01-01 16:36:00,True,1.0,Fixed,f,16.0,2,AUS,3.0
TillyTag,Tilly,Felis catus,1970-01-03 04:59:00,1970-01-01 09:25:00,False,0.0,Fixed,f,18.0,1,AUS,7.0
TipsieTag,Tipsie,Felis catus,1970-01-02 23:26:00,1970-01-02 11:22:00,True,4.0,Fixed,f,5.0,2,AUS,3.0
PearlTag,Pearl,Felis catus,1970-01-01 06:49:00,1970-01-03 10:04:00,False,0.0,Fixed,f,0.0,0,AUS,0.0
RingoTag,Ringo,Felis catus,1970-01-01 03:07:00,1970-01-02 01:18:00,True,1.0,Fixed,m,12.0,2,AUS,9.0
LibertyBelleTag,LibertyBelle,Felis catus,1970-01-03 07:31:00,1970-01-03 05:57:00,True,3.0,Fixed,f,20.0,1,AUS,2.0
SmudgeTag,Smudge,Felis catus,1970-01-02 21:32:00,1970-01-02 22:38:00,False,0.0,Fixed,m,8.0,1,AUS,9.0
ScoutTag,Scout,Felis catus,1970-01-02 15:31:00,1970-01-02 21:05:00,False,0.0,Fixed,m,3.0,3,AUS,8.0
RoxiTag,Roxi,Felis catus,1970-01-02 07:50:00,1970-01-03 06:11:00,True,11.0,Fixed,f,12.0,2,AUS,2.0
DarcyTag,Darcy,Felis catus,1970-01-02 08:30:00,1970-01-03 10:45:00,True,4.0,Fixed,m,12.0,1,AUS,8.0
ZakTag,Zak,Felis catus,1970-01-02 08:34:00,1970-01-03 01:26:00,True,11.0,Fixed,m,8.0,1,AUS,2.0
Kitty2Tag,Kitty2,Felis catus,1970-01-02 08:59:00,1970-01-02 11:42:00,True,1.0,Fixed,m,13.0,2,AUS,5.0
Millie2Tag,Millie2,Felis catus,1970-01-02 09:35:00,1970-01-03 05:01:00,False,0.0,Fixed,f,13.0,1,AUS,11.0
CatTag,Cat,Felis catus,1970-01-02 10:05:00,1970-01-03 11:41:00,True,1.0,Fixed,m,13.0,1,AUS,6.0
Darcie2Tag,Darcy2,Felis catus,1970-01-02 10:09:00,1970-01-02 15:41:00,True,1.0,Fixed,m,23.0,1,AUS,8.0
BugsyTag,Bugsy,Felis catus,1970-01-02 11:03:00,1970-01-01 10:46:00,True,3.0,Fixed,m,6.0,2,AUS,5.0
RumpyTag,Rumpy,Felis catus,1970-01-03 01:15:00,1970-01-03 11:12:00,True,3.0,Fixed,m,20.0,1,AUS,11.0
EldrickTag,Eldrick,Felis catus,1970-01-01 22:14:00,1970-01-02 04:10:00,True,11.0,Fixed,m,8.0,1,AUS,2.0
LatteTag,Latte,Felis catus,1970-01-02 11:53:00,1970-01-02 23:25:00,True,3.0,Fixed,f,17.0,1,AUS,4.0
MerlotTag,Merlot,Felis catus,1970-01-02 09:10:00,1970-01-02 03:28:00,True,8.0,Fixed,m,12.0,1,AUS,9.0
HollyTag,Holly,Felis catus,1970-01-02 11:08:00,1970-01-02 16:55:00,True,7.0,Fixed,f,3.0,1,AUS,3.0
GeorgeTag,George,Felis catus,1970-01-02 08:49:00,1970-01-03 11:52:00,True,3.0,Fixed,m,10.0,2,AUS,3.0
SparkleTag,Sparkle,Felis catus,1970-01-02 23:10:00,1970-01-03 09:37:00,True,5.0,Fixed,f,10.0,1,AUS,4.0
BasilTag,Basil,Felis catus,1970-01-02 14:34:00,1970-01-02 00:13:00,True,2.0,Fixed,m,3.0,1,AUS,3.0
MilfredTag,Milfred,Felis catus,1970-01-02 08:11:00,1970-01-01 14:48:00,True,7.0,Fixed,m,14.0,1,AUS,3.0
SylviaTag,Sylvia,Felis catus,1970-01-02 09:51:00,1970-01-02 10:05:00,True,3.0,Fixed,f,14.0,2,AUS,10.0
LeoTag,Leo,Felis catus,1970-01-02 10:18:00,1970-01-02 22:49:00,True,3.0,Fixed,m,2.0,1,AUS,2.0
OscarTag,Oscar,Felis catus,1970-01-03 00:20:00,1970-01-01 22:05:00,True,1.0,Fixed,m,12.0,1,AUS,10.0
PepperTag,Pepper,Felis catus,1970-01-01 02:09:00,1970-01-02 14:19:00,True,2.0,Fixed,m,6.0,1,AUS,2.0
JerichoTag,Jericho,Felis catus,1970-01-02 06:33:00,1970-01-01 06:52:00,False,0.0,Fixed,m,1.0,1,AUS,12.0
MoggyTag,Moggy,Felis catus,1970-01-03 01:41:00,1970-01-03 07:14:00,True,1.0,Fixed,f,18.0,1,AUS,11.0
LouisTag,Louis,Felis catus,1970-01-02 10:27:00,1970-01-02 13:21:00,False,0.0,Fixed,m,21.0,1,AUS,12.0
ThorntonTag,Thornton,Felis catus,1970-01-03 00:56:00,1970-01-02 22:49:00,True,0.0,Fixed,m,1.0,2,AUS,2.0
CleoTag,Cleo,Felis catus,1970-01-03 03:30:00,1970-01-01 11:07:00,True,0.0,Fixed,f,10.0,1,AUS,4.0
AngelTag,Angel,Felis catus,1970-01-01 03:05:00,1970-01-01 21:37:00,True,5.0,Fixed,f,10.0,1,AUS,3.0
CharlieFrankTag,CharlieFrank,Felis catus,1970-01-01 16:55:00,1970-01-02 00:04:00,False,0.0,Fixed,m,4.0,1,AUS,4.0
BungeyTag,Bungey,Felis catus,1970-01-02 14:33:00,1970-01-01 17:27:00,True,1.0,Fixed,m,12.0,1,AUS,6.0
GusTag,Gus,Felis catus,1970-01-02 17:01:00,1970-01-01 09:34:00,True,3.0,Fixed,m,15.0,1,AUS,3.0
PusskinsTag,Pusskins,Felis catus,1970-01-01 10:38:00,1970-01-02 19:17:00,False,0.0,Fixed,m,15.0,1,AUS,7.0
EddieTag,Eddie,Felis catus,1970-01-02 08:04:00,1970-01-01 20:23:00,False,0.0,Fixed,m,14.0,1,AUS,11.0
GoldfingerTag,Goldfinger,Felis catus,1970-01-02 08:05:00,1970-01-02 07:33:00,False,0.0,Fixed,m,15.0,1,AUS,4.0
PussyGaloreTag,PussyGalore,Felis catus,1970-01-02 08:27:00,1970-01-01 02:50:00,True,1.0,Fixed,f,15.0,2,AUS,0.25
TashaTag,Tasha,Felis catus,1970-01-02 08:34:00,1970-01-01 20:26:00,True,1.0,Fixed,f,12.0,1,AUS,9.0
ChuckNorrisTag,ChuckNorris,Felis catus,1970-01-01 19:13:00,1970-01-02 08:51:00,True,2.0,Fixed,m,12.0,1,AUS,3.0
PhoenixTag,Phoenix,Felis catus,1970-01-02 06:33:00,1970-01-02 22:32:00,True,0.0,Fixed,m,7.0,1,AUS,4.0
JackTag,Jack,Felis catus,1970-01-02 07:33:00,1970-01-01 06:25:00,True,5.0,Fixed,m,2.0,2,AUS,6.0
CosiTag,Cosi,Felis catus,1970-01-02 08:03:00,1970-01-02 15:25:00,True,3.0,Fixed,f,2.0,1,AUS,8.0
BootsTag,Boots,Felis catus,1970-01-02 08:03:00,1970-01-02 13:03:00,True,3.0,Fixed,f,8.0,3,AUS,3.0
YodaTag,Yoda,Felis catus,1970-01-02 08:04:00,1970-01-03 09:47:00,True,0.0,Fixed,m,16.0,2,AUS,5.0
BuddhaTag,Buddha,Felis catus,1970-01-02 09:14:00,1970-01-03 08:53:00,True,2.0,Fixed,m,7.0,1,AUS,6.0
Milo2Tag,Milo2,Felis catus,1970-01-03 06:37:00,1970-01-01 07:30:00,True,16.0,Fixed,m,6.0,1,AUS,2.0
WinnieTag,Winnie,Felis catus,1970-01-02 06:35:00,1970-01-02 22:53:00,False,0.0,Fixed,f,5.0,1,AUS,14.0
XanderTag,Xander,Felis catus,1970-01-03 01:44:00,1970-01-01 17:39:00,True,3.0,Fixed,m,15.0,3,AUS,2.0
PatraTag,Patra,Felis catus,1970-01-02 08:05:00,1970-01-03 09:07:00,True,2.0,Fixed,f,10.0,1,AUS,8.0
PantsTag,Pants,Felis catus,1970-01-02 09:26:00,1970-01-01 20:23:00,True,4.0,Fixed,m,16.0,1,AUS,7.0
Leo2Tag,Leo2,Felis catus,1970-01-02 08:34:00,1970-01-03 11:12:00,False,0.0,Fixed,m,12.0,1,AUS,10.0
LillyTag,Lilly,Felis catus,1970-01-02 08:47:00,1970-01-03 10:19:00,False,0.0,Fixed,f,1.0,3,AUS,4.0
BennyTag,Benny,Felis catus,1970-01-02 09:04:00,1970-01-03 06:56:00,True,1.0,Fixed,m,13.0,2,AUS,7.0
MussTag,Muss,Felis catus,1970-01-02 06:57:00,1970-01-03 11:44:00,True,1.0,Fixed,m,15.0,1,AUS,7.0
DCTag,DC,Felis catus,1970-01-02 07:03:00,1970-01-02 10:16:00,False,0.0,Fixed,m,12.0,1,AUS,6.0
Milo3Tag,Milo3,Felis catus,1970-01-02 08:34:00,1970-01-03 08:30:00,True,2.0,Fixed,m,12.0,1,AUS,4.0
MerlinTag,Merlin,Felis catus,1970-01-02 08:55:00,1970-01-02 23:45:00,True,4.0,Fixed,m,12.0,2,AUS,1.0
TippyTag,Tippy,Felis catus,1970-01-03 02:34:00,1970-01-02 03:01:00,False,0.0,Unneutered,m,12.0,1,AUS,12.0
HaHaTag,HaHa,Felis catus,1970-01-02 06:56:00,1970-01-01 13:55:00,True,0.0,Fixed,m,17.0,2,AUS,2.0
PaulTag,Paul,Felis catus,1970-01-02 10:56:00,1970-01-01 18:06:00,False,0.0,Fixed,m,10.0,3,AUS,0.4
Ruby2Tag,Ruby2,Felis catus,1970-01-03 00:53:00,1970-01-01 19:03:00,True,6.0,Fixed,f,7.0,1,AUS,2.0
PantherTag,Panther,Felis catus,1970-01-02 19:21:00,1970-01-02 18:58:00,True,0.0,Fixed,f,17.0,1,AUS,2.0
MittensTag,Mittens,Felis catus,1970-01-01 19:43:00,1970-01-01 10:20:00,True,2.0,Fixed,f,10.0,2,AUS,5.0
JesterTag,Jester,Felis catus,1970-01-02 04:34:00,1970-01-03 09:40:00,True,2.0,Fixed,m,3.0,1,AUS,5.0
Ruby3Tag,Ruby3,Felis catus,1970-01-03 03:33:00,1970-01-03 05:55:00,True,1.0,Fixed,f,8.0,1,AUS,9.0
AliTag,Ali,Felis catus,1970-01-02 10:26:00,1970-01-03 08:45:00,True,5.0,Fixed,f,12.0,1,AUS,0.67
StinkyTag,Stinky,Felis catus,1970-01-03 04:56:00,1970-01-02 05:34:00,False,0.0,Fixed,f,6.0,1,AUS,14.0
ShadowTag,Shadow,Felis catus,1970-01-02 08:32:00,1970-01-03 00:30:00,True,13.0,Fixed,f,20.0,1,AUS,8.0
KikkiDeeTag,KikkiDee,Felis catus,1970-01-02 11:19:00,1970-01-01 18:30:00,True,0.0,Fixed,f,20.0,1,AUS,8.0
Jasper2Tag,Jasper2,Felis catus,1970-01-03 00:25:00,1970-01-02 14:03:00,True,2.0,Fixed,m,18.0,1,AUS,2.0
SootyTa,Sooty,Felis catus,1970-01-02 19:18:00,1970-01-01 00:06:00,True,2.0,Fixed,f,4.0,2,AUS,10.0
RosieTag,Rosie,Felis catus,1970-01-02 19:24:00,1970-01-02 08:41:00,True,3.0,Fixed,f,12.0,1,AUS,4.0
MonaLisaTag,MonaLisa,Felis catus,1970-01-02 08:13:00,1970-01-03 09:42:00,False,0.0,Fixed,f,17.0,1,AUS,9.0
BoofyTag,Boofy,Felis catus,1970-01-01 14:13:00,1970-01-02 22:14:00,True,1.0,Fixed,m,0.0,1,AUS,9.0
Kitty3Tag,Kitty3,Felis catus,1970-01-02 06:34:00,1970-01-01 02:35:00,False,0.0,Fixed,f,3.0,1,AUS,1.0
BruceTag,Bruce,Felis catus,1970-01-02 10:08:00,1970-01-03 07:31:00,True,2.0,Fixed,m,20.0,1,AUS,2.0
LucarioBlackTag,LucarioBlack,Felis catus,1970-01-02 10:26:00,1970-01-01 04:07:00,True,3.0,Fixed,m,19.0,2,AUS,3.0
TruffulaTag,Truffula,Felis catus,1970-01-03 04:07:00,1970-01-02 02:57:00,True,3.0,Fixed,f,2.0,1,AUS,5.0
Rosie2Tag,Rosie2,Felis catus,1970-01-01 00:52:00,1970-01-01 11:18:00,True,2.0,Fixed,f,16.0,2,AUS,11.0
JazzieTag,Jazzie,Felis catus,1970-01-02 21:41:00,1970-01-01 16:12:00,True,5.0,Fixed,f,6.0,3,AUS,1.0
LilaTag,Lila,Felis catus,1970-01-02 08:28:00,1970-01-02 16:25:00,True,1.0,Fixed,f,13.0,1,AUS,7.0
MrLittleCatTag,MrLittleCat,Felis catus,1970-01-02 08:45:00,1970-01-03 09:06:00,True,3.0,Fixed,m,1.0,1,AUS,8.0
AshTag,Ash,Felis catus,1970-01-02 11:50:00,1970-01-02 08:10:00,True,2.0,Fixed,m,12.0,1,AUS,8.0
Kitty4Tag,Kitty4,Felis catus,1970-01-02 14:57:00,1970-01-02 09:25:00,True,4.0,Unneutered,m,12.0,1,AUS,2.0
Ruby4Tag,Ruby4,Felis catus,1970-01-02 17:02:00,1970-01-02 02:09:00,True,2.0,Fixed,f,16.0,1,AUS,3.0
FelixTag,Felix,Felis catus,1970-01-02 08:04:00,1970-01-02 14:47:00,True,2.0,Fixed,m,12.0,1,AUS,2.0
Bella5Tag,Bella5,Felis catus,1970-01-02 09:26:00,1970-01-03 11:59:00,False,0.0,Fixed,f,12.0,1,AUS,5.0
Tiger3Tag,Tiger3,Felis catus,1970-01-02 16:02:00,1970-01-01 16:39:00,False,0.0,Fixed,m,16.0,1,AUS,15.0
CheekyTag,Cheeky,Felis catus,1970-01-01 23:08:00,1970-01-02 00:27:00,True,1.0,Fixed,m,16.0,2,AUS,15.0
MacaTag,Maca,Felis catus,1970-01-02 07:31:00,1970-01-02 07:07:00,True,9.0,Fixed,f,1.0,1,AUS,10.0
IvoryTag,Ivory,Felis catus,1970-01-02 08:04:00,1970-01-01 22:09:00,True,2.0,Fixed,f,19.0,1,AUS,2.0
SoxyTag,Soxy,Felis catus,1970-01-02 08:22:00,1970-01-01 19:02:00,True,1.0,Fixed,m,15.0,1,AUS,14.0
Tilly2Tag,Tilly2,Felis catus,1970-01-02 08:22:00,1970-01-01 08:58:00,True,6.0,Fixed,f,20.0,2,AUS,10.0
HarryTag,Harry,Felis catus,1970-01-02 08:29:00,1970-01-03 02:23:00,False,0.0,Fixed,m,1.0,1,AUS,2.0
Misty3Tag,Misty3,Felis catus,1970-01-02 08:51:00,1970-01-02 20:23:00,True,1.0,Fixed,f,20.0,2,AUS,0.0
BooTag,Boo,Felis catus,1970-01-02 11:44:00,1970-01-01 19:25:00,False,0.0,Fixed,m,0.0,3,AUS,4.0
GrimmTag,Grimm,Felis catus,1970-01-03 00:51:00,1970-01-01 10:00:00,False,0.0,Fixed,m,8.0,4,AUS,0.58
BessyTag,Bessy,Felis catus,1970-01-01 09:55:00,1970-01-01 10:57:00,True,21.0,Fixed,f,18.0,1,AUS,8.0
NelsonTag,Nelson,Felis catus,1970-01-01 08:59:00,1970-01-01 09:42:00,True,5.0,Fixed,m,8.0,1,AUS,3.0
Marbles2Tag,Marbles2,Felis catus,1970-01-02 06:41:00,1970-01-01 05:44:00,False,0.0,Fixed,f,0.0,3,AUS,2.0
TuxTag,Tux,Felis catus,1970-01-02 08:04:00,1970-01-01 03:26:00,False,0.0,Fixed,m,10.0,1,AUS,6.0
RipleyTag,Ripley,Felis catus,1970-01-02 08:33:00,1970-01-03 11:37:00,True,4.0,Fixed,f,20.0,2,AUS,3.0
Merlin2Tag,Merlin2,Felis catus,1970-01-02 08:41:00,1970-01-01 05:41:00,False,0.0,Fixed,m,3.0,2,AUS,9.0
MrWhiskersTag,MrWhiskers,Felis catus,1970-01-02 15:21:00,1970-01-03 09:26:00,False,0.0,Fixed,f,20.0,1,AUS,5.0
Charlie2Tag,Charlie2,Felis catus,1970-01-01 05:30:00,1970-01-03 02:43:00,False,0.0,Fixed,m,15.0,1,AUS,3.0
HazelTag,Hazel,Felis catus,1970-01-02 06:55:00,1970-01-03 11:48:00,True,3.0,Fixed,f,14.0,1,AUS,1.0
Leo3Tag,Leo3,Felis catus,1970-01-02 07:02:00,1970-01-03 09:31:00,True,3.0,Fixed,m,5.0,2,AUS,6.0
Soxy2Tag,Soxy2,Felis catus,1970-01-02 07:51:00,1970-01-02 06:27:00,False,0.0,Fixed,m,22.0,1,AUS,2.0
TheoTag,Theo,Felis catus,1970-01-02 08:12:00,1970-01-03 09:44:00,False,0.0,Fixed,m,5.0,3,AUS,6.0
GeezerTag,Geezer,Felis catus,1970-01-02 09:55:00,1970-01-03 11:36:00,False,0.0,Fixed,m,5.0,1,AUS,5.0
Harry2Tag,Harry2,Felis catus,1970-01-02 07:58:00,1970-01-03 00:52:00,False,0.0,Fixed,m,8.0,1,AUS,2.0
MidnightTag,Midnight,Felis catus,1970-01-02 08:11:00,1970-01-03 10:53:00,True,1.0,Fixed,m,15.0,1,AUS,11.0
RupertTag,Rupert,Felis catus,1970-01-02 08:29:00,1970-01-03 04:57:00,True,0.0,Fixed,m,8.0,3,AUS,1.0
JasmineTag,Jasmine,Felis catus,1970-01-02 08:51:00,1970-01-01 05:59:00,True,1.0,Fixed,f,18.0,2,AUS,11.0
LilyTag,Lily,Felis catus,1970-01-02 09:56:00,1970-01-03 10:50:00,False,0.0,Fixed,f,12.0,4,AUS,3.0
Buddy2Tag,Buddy2,Felis catus,1970-01-02 11:25:00,1970-01-02 14:11:00,True,4.0,Fixed,m,15.0,1,AUS,4.0
SibeliusTag,Sibelius,Felis catus,1970-01-02 20:04:00,1970-01-02 18:23:00,True,4.0,Fixed,m,4.0,1,AUS,3.0
TimmyTag,Timmy,Felis catus,1970-01-02 07:04:00,1970-01-02 10:07:00,True,6.0,Fixed,m,12.0,1,AUS,3.0
FlandersTag,Flanders,Felis catus,1970-01-02 08:23:00,1970-01-03 09:46:00,False,0.0,Fixed,m,13.0,1,AUS,1.0
ZoeTag,Zoe,Felis catus,1970-01-02 06:33:00,1970-01-03 11:09:00,True,2.0,Unneutered,f,3.0,1,AUS,7.0
Pepper2Tag,Pepper2,Felis catus,1970-01-02 06:57:00,1970-01-03 11:42:00,True,0.0,Fixed,f,2.0,2,AUS,10.0
Charlie3Tag,Charlie3,Felis catus,1970-01-02 06:58:00,1970-01-03 11:53:00,True,1.0,Fixed,f,10.0,1,AUS,12.0
SunnyTag,Sunny,Felis catus,1970-01-02 07:38:00,1970-01-03 11:46:00,True,3.0,Fixed,m,8.0,1,AUS,15.0
RascalTag,Rascal,Felis catus,1970-01-02 08:35:00,1970-01-02 13:45:00,False,0.0,Fixed,m,16.0,3,AUS,0.67
SchnoozTag,Schnooz,Felis catus,1970-01-02 08:35:00,1970-01-03 10:51:00,True,3.0,Fixed,m,12.0,1,AUS,8.0
AmbaRoseTag,AmbaRose,Felis catus,1970-01-02 08:42:00,1970-01-03 10:33:00,True,2.0,Fixed,f,7.0,1,AUS,10.0
TobinTag,Tobin,Felis catus,1970-01-02 08:58:00,1970-01-03 09:57:00,True,0.0,Fixed,m,14.0,1,AUS,6.0
Rupert2Tag,Rupert2,Felis catus,1970-01-02 09:02:00,1970-01-01 03:42:00,True,3.0,Fixed,m,14.0,1,AUS,3.0
Felix2Tag,Felix2,Felis catus,1970-01-02 11:49:00,1970-01-02 02:59:00,True,1.0,Fixed,f,16.0,1,AUS,4.0
SammiTag,Sammi,Felis catus,1970-01-02 08:06:00,1970-01-03 11:36:00,False,0.0,Fixed,f,22.0,1,AUS,11.0
PicassoTag,Picasso,Felis catus,1970-01-02 08:07:00,1970-01-03 11:10:00,True,2.0,Fixed,f,12.0,1,AUS,8.0
Tiger4Tag,Tiger4,Felis catus,1970-01-02 08:18:00,1970-01-03 10:04:00,True,5.0,Fixed,m,12.0,1,AUS,7.0
AmeliaTag,Amelia,Felis catus,1970-01-02 08:34:00,1970-01-03 09:10:00,True,1.0,Fixed,f,12.0,2,AUS,10.0
SputnikTag,Sputnik,Felis catus,1970-01-02 09:26:00,1970-01-02 05:53:00,True,1.0,Fixed,m,16.0,1,AUS,6.0
KennyTag,Kenny,Felis catus,1970-01-02 20:55:00,1970-01-01 19:42:00,False,0.0,Fixed,m,3.0,1,AUS,4.0
DharmaTag,Dharma,Felis catus,1970-01-02 08:05:00,1970-01-02 06:29:00,False,0.0,Fixed,m,9.0,2,AUS,17.0
Charlie4Tag,Charlie4,Felis catus,1970-01-02 08:34:00,1970-01-02 03:23:00,False,0.0,Fixed,m,13.0,1,AUS,6.0
ImeldaTag,Imelda,Felis catus,1970-01-02 11:27:00,1970-01-01 05:45:00,True,6.0,Fixed,f,16.0,1,AUS,1.0
TiggyTag,Tiggy,Felis catus,1970-01-01 03:12:00,1970-01-01 20:54:00,True,2.0,Fixed,m,14.0,1,AUS,2.0
SammyTag,Sammy,Felis catus,1970-01-02 08:27:00,1970-01-01 22:24:00,True,6.0,Fixed,m,15.0,1,AUS,7.0
FudgeTag,Fudge,Felis catus,1970-01-02 08:34:00,1970-01-03 11:28:00,True,5.0,Fixed,m,11.0,1,AUS,4.0
GeorgieTag,Georgie,Felis catus,1970-01-02 08:35:00,1970-01-02 22:02:00,True,5.0,Fixed,m,10.0,1,AUS,9.0
Martha2Tag,Martha2,Felis catus,1970-01-02 23:34:00,1970-01-01 01:12:00,True,5.0,Fixed,f,12.0,1,AUS,3.0
RaffyTag,Raffy,Felis catus,1970-01-01 00:18:00,1970-01-01 18:21:00,True,6.0,Fixed,m,8.0,1,AUS,14.0
Boots2Tag,Boots2,Felis catus,1970-01-01 02:49:00,1970-01-03 11:01:00,True,1.0,Fixed,m,15.0,3,AUS,14.0
YorikoTag,Yoriko,Felis catus,1970-01-01 00:30:00,1970-01-03 07:30:00,True,1.0,Fixed,f,20.0,4,AUS,13.0
ZivaTag,Ziva,Felis catus,1970-01-02 06:35:00,1970-01-01 09:48:00,True,9.0,Fixed,f,8.0,1,AUS,1.0
Millie3Tag,Millie3,Felis catus,1970-01-02 08:04:00,1970-01-02 19:34:00,True,1.0,Fixed,f,18.0,1,AUS,7.0
BentleyTag,Bentley,Felis catus,1970-01-02 07:05:00,1970-01-01 09:11:00,True,2.0,Fixed,m,5.0,2,AUS,12.0
DiamondsTag,Diamonds,Felis catus,1970-01-02 08:00:00,1970-01-03 09:39:00,False,0.0,Fixed,f,2.0,1,AUS,2.0
Monty2Tag,Monty2,Felis catus,1970-01-02 08:04:00,1970-01-02 08:10:00,True,15.0,Fixed,m,3.0,1,AUS,7.0
RudiTag,Rudi,Felis catus,1970-01-02 11:11:00,1970-01-01 08:10:00,False,0.0,Fixed,m,5.0,1,AUS,2.0
Bella6Tag,Bella6,Felis catus,1970-01-01 01:02:00,1970-01-02 20:23:00,True,11.0,Fixed,f,2.0,1,AUS,8.0
SqueakyTag,Squeaky,Felis catus,1970-01-01 00:30:00,1970-01-03 08:58:00,False,0.0,Unneutered,m,24.0,3,AUS,0.0
StalkyTag,Stalky,Felis catus,1970-01-01 02:10:00,1970-01-02 15:58:00,False,0.0,Fixed,f,10.0,1,AUS,10.0
UnfriendlyTag,Unfriendly,Felis catus,1970-01-01 02:40:00,1970-01-03 11:00:00,True,1.0,Fixed,f,10.0,2,AUS,10.0
BlueyTag,Bluey,Felis catus,1970-01-02 08:21:00,1970-01-03 09:47:00,False,0.0,Fixed,m,11.0,1,AUS,9.0
ShanTag,Shan,Felis catus,1970-01-02 08:30:00,1970-01-03 07:44:00,True,1.0,Fixed,m,12.0,2,AUS,3.0
StitchTag,Stitch,Felis catus,1970-01-01 12:37:00,1970-01-01 05:16:00,True,11.0,Fixed,m,10.0,1,AUS,6.0
PudsTag,Puds,Felis catus,1970-01-01 00:16:00,1970-01-02 08:39:00,False,0.0,Fixed,f,22.0,1,AUS,11.0
TommyTag,Tommy,Felis catus,1970-01-02 08:03:00,1970-01-03 09:06:00,False,0.0,Fixed,m,23.0,2,AUS,2.0
Max3Tag,Max3,Felis catus,1970-01-02 08:21:00,1970-01-03 11:13:00,True,2.0,Fixed,m,8.0,1,AUS,2.0
MoscowTag,Moscow,Felis catus,1970-01-02 08:52:00,1970-01-03 09:45:00,True,0.0,Fixed,m,8.0,3,AUS,4.0
MrThomasTag,MrThomas,Felis catus,1970-01-02 08:58:00,1970-01-01 09:03:00,False,0.0,Fixed,m,1.0,1,AUS,10.0
MissyMitzTag,MissyMitz,Felis catus,1970-01-02 10:55:00,1970-01-01 02:02:00,True,2.0,Fixed,f,12.0,3,AUS,8.0
JessieBeauTag,JessieBeau,Felis catus,1970-01-02 12:08:00,1970-01-01 02:11:00,True,19.0,Fixed,m,18.0,4,AUS,2.0
SkoozieTag,Skoozie,Felis catus,1970-01-01 09:27:00,1970-01-03 05:32:00,True,0.0,Fixed,f,24.0,1,AUS,6.0
FrankieTag,Frankie,Felis catus,1970-01-03 00:33:00,1970-01-02 00:23:00,True,9.0,Fixed,f,14.0,1,AUS,0.0
AnnieTag,Annie,Felis catus,1970-01-02 08:54:00,1970-01-03 09:05:00,True,1.0,Fixed,f,17.0,1,AUS,2.0
ZacTag,Zac,Felis catus,1970-01-02 08:57:00,1970-01-03 11:43:00,True,1.0,Fixed,m,18.0,2,AUS,2.0
PollyTag,Polly,Felis catus,1970-01-02 03:48:00,1970-01-01 20:49:00,False,0.0,Fixed,f,18.0,1,AUS,4.0
OnyxTag,Onyx,Felis catus,1970-01-01 02:23:00,1970-01-01 11:31:00,True,21.0,Fixed,f,14.0,1,AUS,1.0
ChaseTag,Chase,Felis catus,1970-01-01 07:22:00,1970-01-01 14:06:00,True,21.0,Fixed,f,15.0,2,AUS,1.0
AstroTag,Astro,Felis catus,1970-01-02 08:05:00,1970-01-03 11:55:00,True,8.0,Fixed,m,10.0,1,AUS,2.0
LokiTag,Loki,Felis catus,1970-01-02 08:12:00,1970-01-03 02:11:00,True,1.0,Fixed,m,5.0,1,AUS,8.0
IsobelTag,Isobel,Felis catus,1970-01-02 08:52:00,1970-01-01 12:11:00,True,1.0,Fixed,f,15.0,1,AUS,8.0
SquiggleTag,Squiggle,Felis catus,1970-01-01 01:16:00,1970-01-01 18:20:00,True,0.0,Fixed,m,9.0,2,AUS,2.0
OliTag,Oli,Felis catus,1970-01-01 01:52:00,1970-01-01 01:26:00,True,0.0,Fixed,m,9.0,4,AUS,1.0
SpotTag,Spot,Felis catus,1970-01-01 02:09:00,1970-01-02 14:03:00,True,0.0,Fixed,m,9.0,3,AUS,3.0
Jasper3Tag,Jasper3,Felis catus,1970-01-01 11:55:00,1970-01-02 04:28:00,False,0.0,Fixed,m,9.0,1,AUS,1.0
JeddaTag,Jedda,Felis catus,1970-01-01 19:41:00,1970-01-01 12:45:00,True,7.0,Fixed,f,10.0,1,AUS,4.0
ShmiffTag,Shmiff,Felis catus,1970-01-02 08:04:00,1970-01-03 10:33:00,True,1.0,Fixed,f,20.0,1,AUS,6.0
Nelson3Tag,Nelson3,Felis catus,1970-01-01 00:46:00,1970-01-02 17:11:00,True,0.0,Fixed,m,2.0,1,AUS,7.0
ClaudeTag,Claude,Felis catus,1970-01-02 06:35:00,1970-01-03 11:14:00,True,2.0,Fixed,m,0.0,1,AUS,8.0
MaggieTag,Maggie,Felis catus,1970-01-02 07:58:00,1970-01-02 03:28:00,True,1.0,Fixed,f,20.0,2,AUS,7.0
Harry3Tag,Harry3,Felis catus,1970-01-02 10:44:00,1970-01-02 08:12:00,True,1.0,Fixed,m,13.0,1,AUS,4.0
Daisy2Tag,Daisy2,Felis catus,1970-01-02 11:33:00,1970-01-03 03:50:00,True,5.0,Fixed,f,8.0,1,AUS,6.0
BoTag,Bo,Felis catus,1970-01-01 18:20:00,1970-01-01 20:38:00,True,2.0,Fixed,m,14.0,2,AUS,4.0
AlbertTag,Albert,Felis catus,1970-01-01 02:13:00,1970-01-03 11:40:00,True,1.0,Fixed,m,16.0,1,AUS,9.0
CaddieTag,Caddie,Felis catus,1970-01-02 08:07:00,1970-01-02 00:22:00,True,4.0,Fixed,f,14.0,1,AUS,6.0
KamirTag,Kamir,Felis catus,1970-01-02 08:33:00,1970-01-03 10:24:00,True,4.0,Fixed,f,20.0,1,AUS,13.0
FizzgigTag,Fizzgig,Felis catus,1970-01-01 00:46:00,1970-01-03 10:31:00,True,16.0,Fixed,f,10.0,1,AUS,6.0
ParisTag,Paris,Felis catus,1970-01-01 02:25:00,1970-01-03 03:50:00,False,0.0,Fixed,m,15.0,2,AUS,13.0
Felix3Tag,Felix3,Felis catus,1970-01-02 08:34:00,1970-01-01 11:00:00,True,4.0,Fixed,m,9.0,1,AUS,2.0
Bel2Tag,Bel2,Felis catus,1970-01-02 01:37:00,1970-01-02 05:09:00,False,0.0,Fixed,f,23.0,1,AUS,12.0
MeggsieTag,Meggsie,Felis catus,1970-01-01 02:00:00,1970-01-01 21:29:00,True,4.0,Fixed,m,14.0,1,AUS,6.0
Rupert3Tag,Rupert3,Felis catus,1970-01-01 04:39:00,1970-01-02 03:48:00,True,1.0,Fixed,m,12.0,1,AUS,10.0
CelineTag,Celine,Felis catus,1970-01-02 08:28:00,1970-01-03 11:45:00,True,1.0,Fixed,f,1.0,1,AUS,3.0
BillyTag,Billy,Felis catus,1970-01-02 06:57:00,1970-01-02 14:15:00,False,0.0,Fixed,m,12.0,1,AUS,11.0
Oscar2Tag,Oscar2,Felis catus,1970-01-01 15:55:00,1970-01-03 11:43:00,True,5.0,Fixed,m,3.0,1,AUS,7.0
BozTag,Boz,Felis catus,1970-01-03 04:56:00,1970-01-02 03:47:00,False,0.0,Fixed,m,19.0,1,AUS,6.0
Truffles2Tag,Truffles2,Felis catus,1970-01-02 23:10:00,1970-01-03 09:26:00,True,1.0,Fixed,m,2.0,1,AUS,14.0
Kitty5Tag,Kitty5,Felis catus,1970-01-01 02:57:00,1970-01-01 12:21:00,True,5.0,Fixed,f,9.0,1,AUS,2.0
JinxTag,Jinx,Felis catus,1970-01-02 23:43:00,1970-01-03 11:56:00,True,7.0,Fixed,f,12.0,1,AUS,1.0
ChanelTag,Chanel,Felis catus,1970-01-02 08:04:00,1970-01-01 18:57:00,True,4.0,Fixed,f,14.0,1,AUS,8.0
LouisTheBruiserTag,LouisTheBruiser,Felis catus,1970-01-02 10:12:00,1970-01-03 09:42:00,True,2.0,Fixed,m,12.0,1,AUS,12.0
PaulaTag,Paula,Felis catus,1970-01-01 02:47:00,1970-01-02 19:22:00,False,0.0,Fixed,f,1.0,1,AUS,4.0
MrGrayTag,MrGray,Felis catus,1970-01-01 17:03:00,1970-01-02 16:10:00,True,5.0,Fixed,m,11.0,1,AUS,1.0
MalachieTag,Malachie,Felis catus,1970-01-01 11:03:00,1970-01-02 12:28:00,True,5.0,Fixed,m,2.0,2,AUS,3.0
GinaTag,Gina,Felis catus,1970-01-01 02:15:00,1970-01-02 08:52:00,True,2.0,Fixed,f,6.0,3,AUS,3.0
Banjo2Tag,Banjo2,Felis catus,1970-01-02 07:34:00,1970-01-01 04:10:00,True,9.0,Fixed,f,10.0,1,AUS,9.0
JunipurrTag,Junipurr,Felis catus,1970-01-01 01:40:00,1970-01-01 23:01:00,True,13.0,Fixed,f,19.0,1,AUS,8.0
ClancyTag,Clancy,Felis catus,1970-01-01 08:50:00,1970-01-03 11:53:00,True,2.0,Fixed,f,23.0,2,AUS,9.0
Tiger5Tag,Tiger5,Felis catus,1970-01-02 08:50:00,1970-01-03 10:52:00,True,10.0,Fixed,m,1.0,1,AUS,10.0
TarzanTag,Tarzan,Felis catus,1970-01-01 01:15:00,1970-01-02 05:56:00,True,11.0,Fixed,m,0.0,1,AUS,2.0
Jinx2Tag,Jinx2,Felis catus,1970-01-02 08:27:00,1970-01-01 14:37:00,True,10.0,Fixed,f,10.0,1,AUS,6.0
CollinTag,Collin,Felis catus,1970-01-01 02:10:00,1970-01-02 11:09:00,True,6.0,Fixed,f,12.0,1,AUS,5.0
TwinkleTag,Twinkle,Felis catus,1970-01-01 02:50:00,1970-01-03 11:51:00,True,2.0,Fixed,m,8.0,1,AUS,14.0
WhiskyTag,Whisky,Felis catus,1970-01-02 08:26:00,1970-01-01 01:16:00,True,4.0,Fixed,f,8.0,1,AUS,4.0
CocoTag,Coco,Felis catus,1970-01-02 10:27:00,1970-01-01 03:40:00,True,3.0,Fixed,f,7.0,2,AUS,2.0
CaptainSoldierTag,CaptainSoldier,Felis catus,1970-01-02 08:04:00,1970-01-02 04:04:00,False,0.0,Fixed,m,12.0,1,AUS,3.0
RonaldoTag,Ronaldo,Felis catus,1970-01-02 08:04:00,1970-01-03 08:46:00,True,3.0,Fixed,m,16.0,2,AUS,0.58
BambiTag,Bambi,Felis catus,1970-01-02 04:19:00,1970-01-03 05:31:00,True,5.0,Fixed,f,12.0,1,AUS,3.0
HestorTag,Hestor,Felis catus,1970-01-01 02:05:00,1970-01-03 11:50:00,True,5.0,Fixed,m,8.0,2,AUS,11.0
BanjoTag,Banjo,Felis catus,1970-01-01 05:46:00,1970-01-01 20:33:00,True,5.0,Fixed,m,12.0,1,AUS,1.0
GarryTag,Garry,Felis catus,1970-01-02 10:13:00,1970-01-02 00:03:00,True,3.0,Fixed,m,18.0,1,AUS,6.0
AllyTag,Ally,Felis catus,1970-01-03 07:30:00,1970-01-01 06:01:00,False,0.0,Fixed,f,7.0,1,AUS,6.0
Oscar3Tag,Oscar3,Felis catus,1970-01-01 02:15:00,1970-01-03 03:38:00,True,16.0,Fixed,m,7.0,1,AUS,8.0
YogiTag,Yogi,Felis catus,1970-01-02 08:22:00,1970-01-03 00:31:00,True,2.0,Fixed,m,3.0,1,AUS,1.0
PussTag,Puss,Felis catus,1970-01-02 08:23:00,1970-01-03 11:47:00,True,1.0,Fixed,f,6.0,1,AUS,9.0
SmallTag,Small,Felis catus,1970-01-02 20:24:00,1970-01-01 01:25:00,True,3.0,Fixed,m,14.0,1,AUS,9.0
ScratchTag,Scratch,Felis catus,1970-01-02 07:51:00,1970-01-03 10:11:00,True,1.0,Fixed,f,16.0,1,AUS,14.0
DieselTag,Diesel,Felis catus,1970-01-02 08:15:00,1970-01-03 06:00:00,True,1.0,Fixed,m,16.0,1,AUS,2.0
StanleyTag,Stanley,Felis catus,1970-01-02 10:59:00,1970-01-01 08:10:00,True,3.0,Fixed,m,18.0,1,AUS,7.0
Tom2Tag,Tom2,Felis catus,1970-01-01 13:20:00,1970-01-01 18:33:00,True,1.0,Fixed,m,3.0,2,AUS,7.0
TruffleTag,Truffle,Felis catus,1970-01-02 07:42:00,1970-01-03 11:12:00,True,1.0,Fixed,f,1.0,2,AUS,3.0
MissyTag,Missy,Felis catus,1970-01-02 08:33:00,1970-01-01 00:48:00,True,2.0,Fixed,f,1.0,1,AUS,3.0
RafikiTag,Rafiki,Felis catus,1970-01-01 22:05:00,1970-01-02 18:57:00,True,4.0,Fixed,f,12.0,1,AUS,1.0
CarmelloTag,Carmello,Felis catus,1970-01-03 10:01:00,1970-01-01 06:56:00,True,0.0,Fixed,m,18.0,1,AUS,9.0
MilkoMcCavityTag,MilkoMcCavity,Felis catus,1970-01-02 08:17:00,1970-01-03 09:17:00,True,0.0,Fixed,m,9.0,1,AUS,6.0
Leo4Tag,Leo4,Felis catus,1970-01-02 09:28:00,1970-01-03 10:05:00,False,0.0,Fixed,m,18.0,1,AUS,16.0
LeilaTag,Leila,Felis catus,1970-01-02 10:27:00,1970-01-01 05:03:00,True,11.0,Fixed,f,4.0,1,AUS,8.0
Kitty6Tag,Kitty6,Felis catus,1970-01-02 17:51:00,1970-01-02 16:19:00,True,1.0,Fixed,f,18.0,1,AUS,5.0
SamsonTag,Samson,Felis catus,1970-01-02 21:57:00,1970-01-02 22:01:00,True,1.0,Fixed,m,18.0,2,AUS,5.0
Delilah2Tag,Delilah2,Felis catus,1970-01-03 00:20:00,1970-01-01 17:59:00,True,6.0,Fixed,f,12.0,1,AUS,6.0
SylvesterTag,Sylvester,Felis catus,1970-01-02 09:02:00,1970-01-01 03:27:00,False,0.0,Fixed,m,20.0,1,AUS,7.0
BBTag,BB,Felis catus,1970-01-02 09:19:00,1970-01-01 06:00:00,False,0.0,Fixed,f,20.0,2,AUS,1.0
SallyTag,Sally,Felis catus,1970-01-01 13:04:00,1970-01-03 11:10:00,True,1.0,Fixed,f,2.0,1,AUS,4.0
ElmoTag,Elmo,Felis catus,1970-01-02 06:39:00,1970-01-02 04:38:00,True,2.0,Fixed,m,12.0,1,AUS,12.0
StealthTag,Stealth,Felis catus,1970-01-02 08:04:00,1970-01-02 21:29:00,False,0.0,Fixed,m,20.0,3,AUS,1.0
JonesTag,Jones,Felis catus,1970-01-02 08:33:00,1970-01-01 19:07:00,False,0.0,Fixed,m,6.0,1,AUS,11.0
MimiTag,Mimi,Felis catus,1970-01-02 11:57:00,1970-01-03 00:08:00,False,0.0,Fixed,f,7.0,1,AUS,14.0
Charlie6Tag,Charlie6,Felis catus,1970-01-01 12:09:00,1970-01-03 04:13:00,True,9.0,Fixed,m,8.0,1,AUS,2.0
Sox2Tag,Sox2,Felis catus,1970-01-01 10:25:00,1970-01-02 07:43:00,False,0.0,Unneutered,f,24.0,4,AUS,0.4
FrankTag,Frank,Felis catus,1970-01-03 07:03:00,1970-01-03 11:21:00,False,0.0,Unneutered,m,16.0,1,AUS,0.5
DanaTag,Dana,Felis catus,1970-01-02 08:03:00,1970-01-02 15:51:00,True,2.0,Fixed,f,12.0,1,AUS,4.0
GigiTag,Gigi,Felis catus,1970-01-02 08:39:00,1970-01-01 05:05:00,True,1.0,Fixed,f,12.0,1,AUS,13.0
VenomTag,Venom,Felis catus,1970-01-02 08:56:00,1970-01-01 15:47:00,True,4.0,Unneutered,m,15.0,1,AUS,7.0
WigglesTag,Wiggles,Felis catus,1970-01-02 09:03:00,1970-01-02 13:51:00,True,11.0,Fixed,m,8.0,1,AUS,2.0
MagicTag,Magic,Felis catus,1970-01-03 01:31:00,1970-01-02 02:30:00,True,3.0,Fixed,f,4.0,1,AUS,6.0
MowdiiTag,Mowdii,Felis catus,1970-01-03 11:04:00,1970-01-02 07:52:00,True,3.0,Fixed,f,19.0,1,AUS,8.0
MynxTag,Mynx,Felis catus,1970-01-02 07:24:00,1970-01-03 11:43:00,True,4.0,Fixed,m,10.0,2,AUS,2.0
Sooty2Tag,Sooty2,Felis catus,1970-01-02 08:26:00,1970-01-03 09:11:00,True,1.0,Fixed,f,8.0,1,AUS,11.0
SethTag,Seth,Felis catus,1970-01-02 09:55:00,1970-01-03 11:10:00,False,0.0,Fixed,m,8.0,3,AUS,1.0
Henry2Tag,Henry2,Felis catus,1970-01-02 08:31:00,1970-01-02 04:59:00,True,0.0,Fixed,m,5.0,1,AUS,8.0
EestiTag,Eesti,Felis catus,1970-01-02 09:21:00,1970-01-03 10:11:00,True,1.0,Fixed,m,10.0,2,AUS,5.0
RoseyTag,Rosey,Felis catus,1970-01-03 02:56:00,1970-01-02 18:32:00,True,1.0,Fixed,f,10.0,1,AUS,6.0
RemyTag,Remy,Felis catus,1970-01-01 10:03:00,1970-01-03 11:17:00,True,21.0,Fixed,m,4.0,1,AUS,10.0
LunaTag,Luna,Felis catus,1970-01-01 10:45:00,1970-01-02 11:09:00,True,0.0,Fixed,f,9.0,1,AUS,0.0
TiaTag,Tia,Felis catus,1970-01-01 17:55:00,1970-01-02 18:26:00,True,3.0,Fixed,f,10.0,1,AUS,10.0
Jasper4Tag,Jasper4,Felis catus,1970-01-01 22:33:00,1970-01-01 19:09:00,True,2.0,Fixed,m,6.0,1,AUS,2.0
GagglesHieronymusTag,GagglesHieronymus,Felis catus,1970-01-02 08:44:00,1970-01-02 09:12:00,False,0.0,Fixed,m,2.0,1,AUS,5.0
MeeshaTag,Meesha,Felis catus,1970-01-02 08:34:00,1970-01-02 07:19:00,True,0.0,Fixed,f,9.0,1,AUS,8.0
FlossieTag,Flossie,Felis catus,1970-01-01 19:37:00,1970-01-01 03:32:00,True,3.0,Fixed,f,8.0,1,AUS,5.0
MultiTag,Multi,Felis catus,1970-01-01 00:33:00,1970-01-02 18:55:00,True,0.0,Unneutered,f,0.0,1,AUS,0.5
FurryTag,Furry,Felis catus,1970-01-02 06:33:00,1970-01-03 11:40:00,True,5.0,Fixed,f,12.0,1,AUS,6.0
SugarRaeTag,SugarRae,Felis catus,1970-01-01 17:43:00,1970-01-02 22:49:00,True,8.0,Fixed,f,9.0,3,AUS,2.0
TrixieTag,Trixie,Felis catus,1970-01-02 08:30:00,1970-01-02 07:57:00,True,5.0,Fixed,f,8.0,1,AUS,9.0
KeytuynTag,Keytuyn,Felis catus,1970-01-02 09:13:00,1970-01-03 10:33:00,True,5.0,Fixed,m,10.0,1,AUS,1.0
JoeyTag,Joey,Felis catus,1970-01-01 18:39:00,1970-01-02 01:40:00,True,1.0,Fixed,m,4.0,1,AUS,5.0
Ash2Tag,Ash2,Felis catus,1970-01-02 08:21:00,1970-01-02 00:08:00,True,8.0,Fixed,m,9.0,1,AUS,3.0
Rudi2Tag,Rudi2,Felis catus,1970-01-02 09:29:00,1970-01-02 12:55:00,False,0.0,Fixed,f,18.0,1,AUS,10.0
SophiePossumTag,SophiePossum,Felis catus,1970-01-02 06:33:00,1970-01-02 10:06:00,False,0.0,Fixed,f,6.0,1,AUS,3.0
RooTag,Roo,Felis catus,1970-01-02 07:33:00,1970-01-02 12:35:00,True,1.0,Fixed,f,14.0,1,AUS,5.0
RockyTag,Rocky,Felis catus,1970-01-01 09:33:00,1970-01-01 03:45:00,True,2.0,Fixed,m,6.0,1,AUS,4.0
George2Tag,George2,Felis catus,1970-01-02 15:13:00,1970-01-02 13:10:00,True,7.0,Fixed,m,8.0,1,AUS,3.0
Tilly3Tag,Tilly3,Felis catus,1970-01-02 22:27:00,1970-01-03 05:57:00,True,7.0,Fixed,f,12.0,2,AUS,3.0
FrostyTag,Frosty,Felis catus,1970-01-01 01:02:00,1970-01-01 08:51:00,True,1.0,Fixed,m,13.0,1,AUS,1.0
MysticTag,Mystic,Felis catus,1970-01-02 08:34:00,1970-01-03 09:48:00,False,0.0,Fixed,f,5.0,1,AUS,2.0
Stumpy2Tag,Stumpy2,Felis catus,1970-01-02 09:35:00,1970-01-02 06:31:00,True,4.0,Fixed,f,12.0,1,AUS,4.0
BigglesTag,Biggles,Felis catus,1970-01-02 16:39:00,1970-01-03 08:39:00,False,0.0,Fixed,m,12.0,2,AUS,4.0
Cleo2Tag,Cleo2,Felis catus,1970-01-02 08:21:00,1970-01-02 10:33:00,True,3.0,Fixed,f,8.0,1,AUS,4.0
SparklesTag,Sparkles,Felis catus,1970-01-02 09:43:00,1970-01-03 04:26:00,True,3.0,Fixed,f,7.0,1,AUS,3.0
GracieLouFreebushTag,GracieLouFreebush,Felis catus,1970-01-02 06:34:00,1970-01-02 11:21:00,True,6.0,Fixed,f,8.0,1,AUS,2.0
Simba2Tag,Simba2,Felis catus,1970-01-02 08:03:00,1970-01-02 16:33:00,False,0.0,Unneutered,m,15.0,1,AUS,0.4
ZorraTag,Zorra,Felis catus,1970-01-03 09:35:00,1970-01-03 01:57:00,False,0.0,Fixed,f,8.0,1,AUS,11.0
WeaselTag,Weasel,Felis catus,1970-01-02 08:22:00,1970-01-01 02:03:00,True,4.0,Fixed,m,10.0,1,AUS,2.0
BellaBooTag,BellaBoo,Felis catus,1970-01-02 09:21:00,1970-01-02 18:32:00,True,7.0,Fixed,f,1.0,1,AUS,2.0
GizmoTag,Gizmo,Felis catus,1970-01-02 18:39:00,1970-01-02 02:14:00,False,0.0,Fixed,m,5.0,2,AUS,19.0
RustyTag,Rusty,Felis catus,1970-01-02 20:10:00,1970-01-01 09:49:00,False,0.0,Fixed,f,5.0,1,AUS,15.0
StefanoTag,Stefano,Felis catus,1970-01-02 13:08:00,1970-01-01 17:30:00,True,1.0,Fixed,m,14.0,2,AUS,2.0
ZepherTag,Zepher,Felis catus,1970-01-03 01:50:00,1970-01-02 13:09:00,True,1.0,Fixed,m,16.0,1,AUS,4.0
ArielTag,Ariel,Felis catus,1970-01-02 08:22:00,1970-01-03 10:01:00,True,5.0,Fixed,m,17.0,1,AUS,1.0
EnzoTag,Enzo,Felis catus,1970-01-02 08:36:00,1970-01-01 22:02:00,True,2.0,Fixed,m,16.0,1,AUS,2.0
AlrariTag,Alrari,Felis catus,1970-01-02 09:13:00,1970-01-03 10:54:00,True,2.0,Fixed,m,10.0,2,AUS,9.0
MissChiefTag,MissChief,Felis catus,1970-01-02 07:34:00,1970-01-01 17:28:00,True,1.0,Fixed,f,3.0,1,AUS,16.0
LexiTag,Lexi,Felis catus,1970-01-02 00:25:00,1970-01-03 04:28:00,True,5.0,Fixed,f,15.0,1,AUS,4.0
RodgerTag,Rodger,Felis catus,1970-01-02 08:03:00,1970-01-03 11:47:00,True,3.0,Fixed,m,3.0,1,AUS,5.0
TimoTag,Timo,Felis catus,1970-01-03 00:33:00,1970-01-01 16:14:00,True,3.0,Fixed,m,14.0,1,AUS,5.0
Jasmine2Tag,Jasmine2,Felis catus,1970-01-03 01:55:00,1970-01-03 07:07:00,False,0.0,Fixed,f,16.0,1,AUS,8.0
PoloTag,Polo,Felis catus,1970-01-02 08:45:00,1970-01-01 17:23:00,False,0.0,Fixed,m,0.0,2,AUS,7.0
MaeveTag,Maeve,Felis catus,1970-01-02 11:33:00,1970-01-01 12:01:00,False,0.0,Fixed,f,20.0,1,AUS,3.0
Charlotte2Tag,Charlotte2,Felis catus,1970-01-01 09:03:00,1970-01-02 04:42:00,True,2.0,Fixed,f,23.0,1,AUS,1.0
ListerTag,Lister,Felis catus,1970-01-02 18:19:00,1970-01-02 18:10:00,False,0.0,Fixed,m,24.0,1,AUS,19.0
GarfieldTag,Garfield,Felis catus,1970-01-03 03:36:00,1970-01-02 08:45:00,True,1.0,Fixed,m,10.0,1,AUS,9.0
BelleTag,Belle,Felis catus,1970-01-03 01:04:00,1970-01-02 11:10:00,True,1.0,Fixed,f,6.0,1,AUS,4.0
GyhjorTag,Gyhjor,Felis catus,1970-01-01 01:41:00,1970-01-03 10:12:00,True,1.0,Fixed,m,3.0,1,AUS,8.0
sweetpeatag,Sweetpea,Felis catus,1970-01-03 04:57:00,1970-01-01 06:19:00,True,12.0,Fixed,f,9.0,1,US,7.0
motorcattag,Motorcat,Felis catus,1970-01-01 05:13:00,1970-01-02 20:39:00,True,1.0,Fixed,f,12.0,1,US,14.0
Gracietag,Gracie,Felis catus,1970-01-01 04:33:00,1970-01-01 12:22:00,True,4.0,Fixed,f,4.0,1,US,10.0
Lestertag,Lester,Felis catus,1970-01-01 02:27:00,1970-01-01 22:59:00,True,1.0,Fixed,m,1.0,1,US,13.0
LaceyTag,Lacey,Felis catus,1970-01-01 01:24:00,1970-01-03 09:26:00,True,8.0,Fixed,f,11.0,2,US,3.0
Banjo2Tag,Banjo2,Felis catus,1970-01-01 08:36:00,1970-01-02 00:28:00,True,1.0,Fixed,f,16.0,1,US,9.0
Tex2Tag,Tex2,Felis catus,1970-01-02 17:37:00,1970-01-03 11:12:00,True,4.0,Fixed,f,11.0,2,US,5.0
Maddie2Tag,Maddie2,Felis catus,1970-01-01 03:29:00,1970-01-03 04:08:00,True,1.0,Fixed,f,10.5,3,US,10.0
Tiger2Tag,Tiger2,Felis catus,1970-01-01 04:33:00,1970-01-03 01:43:00,True,4.0,Fixed,m,5.0,2,US,5.0
OatmealTag,Oatmeal,Felis catus,1970-01-01 02:35:00,1970-01-02 05:43:00,False,0.0,Fixed,m,17.0,2,US,5.0
OscarNTag,OscarN,Felis catus,1970-01-01 02:05:00,1970-01-02 01:27:00,False,0.0,Fixed,m,17.0,1,US,5.0
TonkaTag,Tonka2,Felis catus,1970-01-01 21:51:00,1970-01-03 10:11:00,True,0.0,Fixed,m,7.5,1,US,13.0
Jello2Tag,Jello2,Felis catus,1970-01-01 01:58:00,1970-01-03 10:23:00,True,4.0,Fixed,m,9.0,2,US,3.0
Harley2Tag,Harley2,Felis catus,1970-01-01 03:05:00,1970-01-02 17:26:00,True,4.0,Fixed,f,24.0,2,US,5.0
Survivor2Tag,Survivor2,Felis catus,1970-01-01 17:35:00,1970-01-01 03:05:00,True,4.0,Fixed,m,13.0,3,US,2.0
Beatle2Tag,Beatle2,Felis catus,1970-01-01 17:37:00,1970-01-03 11:33:00,False,0.0,Fixed,m,10.0,3,US,7.0
Boris2Tag,Boris2,Felis catus,1970-01-02 18:44:00,1970-01-01 05:47:00,True,4.0,Fixed,m,14.0,2,US,2.0
Natasha2Tag,Natasha2,Felis catus,1970-01-02 03:04:00,1970-01-02 10:26:00,False,0.0,Fixed,f,19.0,2,US,2.0
SasquatchTag,Sasquatch2,Felis catus,1970-01-01 02:44:00,1970-01-01 05:08:00,True,1.0,Fixed,m,8.0,1,US,4.0
Jams2Tag,Jams2,Felis catus,1970-01-01 03:10:00,1970-01-01 06:29:00,True,4.0,Fixed,m,11.0,2,US,9.0
Catniss EverdeenTag,Catniss Everdeen,Felis catus,1970-01-01 02:29:00,1970-01-01 17:15:00,False,0.0,Fixed,f,11.0,2,US,1.0
Donald FluffypantsTag,Donald Fluffypants,Felis catus,1970-01-01 02:34:00,1970-01-02 22:57:00,True,4.0,Fixed,m,12.0,2,US,3.0
JetpackTag,Jetpack,Felis catus,1970-01-01 02:58:00,1970-01-02 03:12:00,True,4.0,Fixed,f,12.0,2,US,2.0
Martha2Tag,Martha Wayne2,Felis catus,1970-01-01 03:30:00,1970-01-01 21:58:00,False,0.0,Fixed,f,11.0,1,US,3.0
JitterbugTag,Jitterbug2,Felis catus,1970-01-01 16:54:00,1970-01-03 10:06:00,True,1.0,Fixed,f,9.0,2,US,2.0
Violet Mae2Tag,Violet Mae2,Felis catus,1970-01-02 22:21:00,1970-01-02 12:03:00,False,0.0,Fixed,f,2.5,3,US,7.0
Katniss EverdeenTag,Katniss Everdeen,Felis catus,1970-01-01 02:29:00,1970-01-01 17:15:00,False,0.0,Fixed,f,11.0,2,US,1.0
Ajax2Tag,Ajax2,Felis catus,1970-01-02 11:40:00,1970-01-01 22:42:00,True,4.0,Fixed,m,11.0,2,US,3.0
Shakespeare2Tag,Shakespeare2,Felis catus,1970-01-01 02:29:00,1970-01-01 10:54:00,True,1.0,Fixed,m,8.0,2,US,4.0
Captain America2Tag,Captain America 2,Felis catus,1970-01-02 02:47:00,1970-01-02 23:47:00,True,4.0,Fixed,m,5.0,1,US,8.0
Luna2Tag,Luna2,Felis catus,1970-01-01 02:05:00,1970-01-02 03:40:00,False,0.0,Fixed,f,0.0,1,US,4.0
Little2Tag,Little2,Felis catus,1970-01-01 03:55:00,1970-01-02 08:06:00,False,0.0,Fixed,m,0.0,3,US,8.0
Anubis2Tag,Anubis2,Felis catus,1970-01-01 05:35:00,1970-01-01 20:45:00,True,4.0,Fixed,m,0.0,2,US,2.0
Psycho Kitty2Tag,Psycho Kitty2,Felis catus,1970-01-01 19:05:00,1970-01-03 09:46:00,True,4.0,Fixed,f,12.0,1,US,7.0
Asibo2Tag,Asibo2,Felis catus,1970-01-01 22:56:00,1970-01-02 10:58:00,True,4.0,Fixed,m,0.0,2,US,2.0
Zelda2Tag,Zelda2,Felis catus,1970-01-01 23:30:00,1970-01-02 07:27:00,False,0.0,Fixed,f,10.0,2,US,3.0
Kagin2Tag,Kagin2,Felis catus,1970-01-01 20:25:00,1970-01-01 09:50:00,True,4.0,Fixed,m,10.0,1,US,5.0
Tallulah2Tag,Tallulah2,Felis catus,1970-01-01 02:27:00,1970-01-02 01:06:00,False,0.0,Fixed,f,21.0,2,US,1.0
Tara2Tag,Tara2,Felis catus,1970-01-01 02:50:00,1970-01-03 05:09:00,True,1.0,Fixed,f,18.0,1,US,14.0
Don Carlos2Tag,Don Carlos2,Felis catus,1970-01-01 20:29:00,1970-01-03 04:04:00,True,8.0,Fixed,m,20.0,2,US,4.0
Turtle2Tag,Turtle2,Felis catus,1970-01-02 13:21:00,1970-01-01 12:35:00,False,0.0,Fixed,f,10.0,2,US,12.0
Cat MarshallTag,Cat Marshall,Felis catus,1970-01-01 01:49:00,1970-01-02 01:27:00,False,0.0,Fixed,f,10.0,2,US,5.0
Nola2Tag,Nola2Tag,Felis catus,1970-01-01 02:56:00,1970-01-03 04:37:00,False,0.0,Fixed,f,9.0,1,US,4.0
Zorro2Tag,Zorro2,Felis catus,1970-01-01 20:07:00,1970-01-03 04:09:00,False,0.0,Fixed,m,7.0,2,US,4.0
Piper2Tag,Piper2,Felis catus,1970-01-02 09:23:00,1970-01-01 12:52:00,False,0.0,Fixed,f,12.0,5,US,1.0
Russel2Tag,Russel2,Felis catus,1970-01-01 09:02:00,1970-01-03 09:21:00,True,1.0,Fixed,m,10.0,1,US,3.0
Bean2Tag,Bean2,Felis catus,1970-01-01 01:44:00,1970-01-02 13:49:00,True,4.0,Fixed,m,0.0,5,US,3.0
Roukus2Tag,Roukus2,Felis catus,1970-01-02 19:10:00,1970-01-02 02:32:00,True,16.0,Fixed,f,2.0,2,US,6.0
Hailey2Tag,Hailey2,Felis catus,1970-01-02 04:39:00,1970-01-01 07:24:00,True,8.0,Fixed,f,2.0,7,US,10.0
Emmy2Tag,Emmy2,Felis catus,1970-01-01 02:23:00,1970-01-01 03:46:00,True,0.0,Fixed,f,0.0,2,US,4.0
Snickerdoodle2Tag,Snickerdoodle2,Felis catus,1970-01-01 02:29:00,1970-01-03 05:38:00,True,8.0,Fixed,f,11.0,1,US,5.0
Cayden2Tag,Cayden2,Felis catus,1970-01-01 03:09:00,1970-01-03 03:17:00,False,0.0,Fixed,m,9.5,2,US,4.0
Fletcher2Tag,Fletcher2,Felis catus,1970-01-01 03:22:00,1970-01-01 09:41:00,True,4.0,Fixed,m,11.0,1,US,13.0
Mia2Tag,Mia2,Felis catus,1970-01-03 01:41:00,1970-01-02 09:33:00,True,4.0,Fixed,f,12.0,3,US,4.0
Cedar2Tag,Cedar2,Felis catus,1970-01-03 09:35:00,1970-01-01 04:17:00,True,4.0,Fixed,m,10.0,7,US,14.0
Lucky2Tag,Lucky2,Felis catus,1970-01-01 15:16:00,1970-01-03 11:10:00,False,0.0,Fixed,f,0.0,3,US,11.0
Marco2Tag,Marco2,Felis catus,1970-01-02 04:18:00,1970-01-03 10:45:00,True,4.0,Fixed,m,13.0,4,US,2.0
Spencer2Tag,Spencer2,Felis catus,1970-01-03 01:03:00,1970-01-03 00:05:00,True,8.0,Fixed,m,8.0,2,US,2.0
Pumpkin2Tag,Pumpkin2,Felis catus,1970-01-03 06:10:00,1970-01-01 09:53:00,False,0.0,Fixed,m,12.0,1,US,12.0
Jack2Tag,Jack2,Felis catus,1970-01-01 06:47:00,1970-01-03 05:23:00,False,0.0,Fixed,m,16.0,1,US,5.0
Starbuck2Tag,Starbuck2,Felis catus,1970-01-01 04:43:00,1970-01-03 00:53:00,True,1.0,Fixed,m,11.0,1,US,6.0
Schubie2Tag,Schubie2,Felis catus,1970-01-02 06:22:00,1970-01-02 20:48:00,False,0.0,Fixed,f,11.0,1,US,7.0
Merrie2Tag,Merrie2,Felis catus,1970-01-02 08:47:00,1970-01-01 09:29:00,True,4.0,Fixed,f,11.0,1,US,7.0
HersheyTag,Hershey,Felis catus,1970-01-01 05:27:00,1970-01-03 09:01:00,True,4.0,Fixed,m,13.5,1,US,7.0
PumpkinKTag,Pumpkin Kane,Felis catus,1970-01-01 03:33:00,1970-01-02 00:16:00,True,12.0,Fixed,f,12.0,1,US,8.0
TabascoTag,Tabasco,Felis catus,1970-01-01 03:49:00,1970-01-02 09:55:00,True,4.0,Fixed,m,0.0,1,US,11.0
PringleTag,Pringle,Felis catus,1970-01-01 03:10:00,1970-01-03 08:53:00,True,1.0,Fixed,f,11.0,1,US,5.0
BelugaTag,Beluga,Felis catus,1970-01-01 02:26:00,1970-01-03 10:08:00,False,0.0,Fixed,m,12.0,11,US,2.0
NiaTag,Nia,Felis catus,1970-01-01 16:33:00,1970-01-03 10:22:00,True,1.0,Fixed,f,16.0,1,US,4.0
OscarL Tag,Oscar L,Felis catus,1970-01-01 05:03:00,1970-01-03 11:36:00,True,4.0,Fixed,m,12.0,4,US,11.0
Goliath2Tag,Goliath2,Felis catus,1970-01-01 15:04:00,1970-01-01 03:11:00,True,4.0,Fixed,m,10.0,1,US,6.0
HemingwayTag,Hemingway,Felis catus,1970-01-01 00:31:00,1970-01-03 11:57:00,True,1.0,Fixed,m,8.0,2,US,4.0
MistyTag,Misty,Felis catus,1970-01-03 01:05:00,1970-01-02 20:43:00,True,4.0,Fixed,f,24.0,2,US,3.0
OscarJ Tag,Oscar J,Felis catus,1970-01-01 01:50:00,1970-01-03 11:05:00,True,4.0,Fixed,m,10.0,1,US,2.0
PeanutTag,Peanut,Felis catus,1970-01-01 11:36:00,1970-01-03 09:22:00,True,4.0,Fixed,f,12.0,3,US,1.0
Mr.LuckyTag,Mr.Lucky,Felis catus,1970-01-02 08:04:00,1970-01-03 06:58:00,False,0.0,Fixed,m,12.0,2,US,3.0
PolyTag,Poly,Felis catus,1970-01-02 08:52:00,1970-01-03 09:46:00,True,8.0,Fixed,f,20.0,1,US,4.0
BooBooKittyTag,BooBooKitty,Felis catus,1970-01-01 19:48:00,1970-01-02 18:08:00,False,0.0,Fixed,f,14.0,1,US,12.0
SheldonTag,Sheldon,Felis catus,1970-01-01 02:20:00,1970-01-01 05:20:00,True,8.0,Fixed,f,13.0,2,US,7.0
Atticus Tag,Atticus,Felis catus,1970-01-01 01:03:00,1970-01-03 07:19:00,True,1.0,Fixed,m,24.0,3,US,8.0
Frank,Frank,Felis catus,1970-01-01 08:03:00,1970-01-03 01:43:00,True,12.0,Fixed,m,12.0,2,US,3.0
CoalTag,Coal,Felis catus,1970-01-01 09:52:00,1970-01-03 10:29:00,True,4.0,Fixed,m,16.0,2,US,7.0
DouglasTag,Douglas,Felis catus,1970-01-01 02:37:00,1970-01-03 11:44:00,True,1.0,Fixed,m,11.0,2,US,7.0
SpikeTag,Spike,Felis catus,1970-01-01 18:07:00,1970-01-03 09:20:00,True,4.0,Fixed,m,10.0,3,US,4.0
SylvesterTag,Sylvester,Felis catus,1970-01-01 05:52:00,1970-01-03 10:35:00,True,4.0,Fixed,m,14.0,2,US,7.0
OrangeTag,Orange,Felis catus,1970-01-02 03:28:00,1970-01-03 06:02:00,True,4.0,Fixed,f,20.0,2,US,4.0
Justice,Justice,Felis catus,1970-01-02 15:03:00,1970-01-03 10:20:00,False,0.0,Fixed,m,0.75,2,US,9.0
ZoeyTag,Zoey,Felis catus,1970-01-01 02:28:00,1970-01-03 09:23:00,True,12.0,Fixed,f,12.0,3,US,5.0
MinnieH Tag,Minnie H,Felis catus,1970-01-01 02:35:00,1970-01-03 09:20:00,False,0.0,Fixed,f,12.0,3,US,14.0
PicchuTag,Picchu,Felis catus,1970-01-02 10:17:00,1970-01-02 12:35:00,True,4.0,Fixed,m,6.0,2,US,9.0
RockyTag,Rocky,Felis catus,1970-01-01 17:56:00,1970-01-03 00:25:00,True,4.0,Fixed,m,15.5,3,US,9.0
Louie,LouieTag,Felis catus,1970-01-01 02:04:00,1970-01-03 11:48:00,False,0.0,Fixed,m,14.0,1,US,5.0
Mindy2Tag,Mindy2,Felis catus,1970-01-02 18:07:00,1970-01-02 23:54:00,True,8.0,Fixed,f,12.0,3,US,5.0
JoeyTag,Joey,Felis catus,1970-01-01 13:33:00,1970-01-02 14:35:00,True,4.0,Fixed,m,8.0,4,US,10.0
MiloTag,Milo,Felis catus,1970-01-01 00:34:00,1970-01-03 11:04:00,True,8.0,Fixed,m,11.0,1,US,3.0
ElleTag,Elle,Felis catus,1970-01-01 16:34:00,1970-01-02 17:23:00,False,0.0,Fixed,f,2.0,4,US,5.0
BennyTag,Benny,Felis catus,1970-01-01 00:35:00,1970-01-01 20:29:00,True,8.0,Fixed,m,18.0,2,US,4.0
PeanutRTag,PeanutR,Felis catus,1970-01-01 00:35:00,1970-01-01 20:21:00,True,8.0,Fixed,m,9.5,2,US,4.0
FranklinTag,Franklin,Felis catus,1970-01-01 05:01:00,1970-01-03 10:55:00,True,8.0,Fixed,m,6.0,2,US,8.0
Junior2Tag,Junior2,Felis catus,1970-01-01 19:42:00,1970-01-03 09:25:00,True,1.0,Fixed,m,12.0,2,US,6.0
ConanTag,Conan,Felis catus,1970-01-03 04:53:00,1970-01-03 11:30:00,True,1.0,Fixed,m,1.0,1,US,13.0
Gianni2Tag,Gianni2,Felis catus,1970-01-01 19:44:00,1970-01-01 04:21:00,True,8.0,Fixed,m,6.0,4,US,10.0
SmattieTag,Smattie,Felis catus,1970-01-01 09:58:00,1970-01-03 00:29:00,True,8.0,Fixed,m,6.0,4,US,6.0
Seth2Tag,Seth2,Felis catus,1970-01-01 02:12:00,1970-01-01 08:25:00,False,0.0,Fixed,m,13.0,6,US,4.0
Aya2Tag,Aya2,Felis catus,1970-01-01 16:16:00,1970-01-02 02:41:00,True,4.0,Fixed,m,8.0,2,US,3.0
Fiona2Tag,Fiona2,Felis catus,1970-01-01 02:34:00,1970-01-03 11:11:00,True,20.0,Fixed,f,13.0,2,US,1.0
Purrcy2Tag,Purrcy2,Felis catus,1970-01-01 02:56:00,1970-01-03 08:46:00,True,8.0,Fixed,m,13.0,3,US,5.0
George2Tag,George2,Felis catus,1970-01-01 04:04:00,1970-01-03 11:46:00,True,16.0,Fixed,m,13.0,2,US,1.0
Selkie2Tag,Selkie2,Felis catus,1970-01-01 07:05:00,1970-01-03 10:00:00,True,4.0,Fixed,f,22.0,4,US,5.0
Reggie2Tag,Reggie2,Felis catus,1970-01-01 18:36:00,1970-01-03 11:20:00,False,0.0,Fixed,m,12.0,1,US,13.0
Asher2Tag,Asher2,Felis catus,1970-01-01 02:50:00,1970-01-02 00:45:00,True,8.0,Fixed,m,11.0,1,US,3.0
Climber2Tag,Climber2,Felis catus,1970-01-01 05:38:00,1970-01-02 02:09:00,True,4.0,Fixed,m,0.0,2,US,9.0
Sunny2Tag,Sunny2,Felis catus,1970-01-02 14:50:00,1970-01-03 11:52:00,False,0.0,Fixed,f,0.0,2,US,9.0
Nikki2Tag,Nikki2,Felis catus,1970-01-01 02:15:00,1970-01-01 09:19:00,True,4.0,Fixed,f,3.0,2,US,8.0
Bumbles2Tag,Bumbles2,Felis catus,1970-01-01 01:44:00,1970-01-03 03:43:00,True,12.0,Fixed,m,12.0,2,US,9.0
Bela2Tag,Bela2,Felis catus,1970-01-01 03:22:00,1970-01-03 11:42:00,True,1.0,Fixed,m,12.0,2,US,2.0
Pickles2Tag,Pickles2,Felis catus,1970-01-01 05:57:00,1970-01-03 01:44:00,True,12.0,Fixed,m,5.0,2,US,3.0
Bongo2Tag,Bongo2,Felis catus,1970-01-01 02:34:00,1970-01-03 10:37:00,True,12.0,Fixed,m,12.0,1,US,4.0
Lupe2Tag,Lupe2,Felis catus,1970-01-01 02:04:00,1970-01-03 10:32:00,True,12.0,Fixed,m,7.0,2,US,4.0
Chester2Tag,Chester2,Felis catus,1970-01-01 22:14:00,1970-01-03 10:56:00,True,4.0,Fixed,m,10.0,2,US,4.0
Maisey2Tag,Maisey2,Felis catus,1970-01-02 23:57:00,1970-01-01 01:21:00,True,4.0,Fixed,f,12.0,2,US,2.0
Jingles2Tag,Jingles2,Felis catus,1970-01-01 05:26:00,1970-01-03 09:17:00,True,28.0,Fixed,m,15.0,1,US,8.0
Misu2Tag,Misu2,Felis catus,1970-01-01 02:22:00,1970-01-03 09:35:00,True,4.0,Fixed,m,13.0,1,US,9.0
NattyBumpo2Tag,NattyBumpo2,Felis catus,1970-01-02 23:14:00,1970-01-02 05:29:00,True,12.0,Fixed,f,13.0,2,US,8.0
Fenimore Cooper2Tag,Fenimore Cooper2,Felis catus,1970-01-01 02:30:00,1970-01-02 06:00:00,True,4.0,Fixed,m,12.0,2,US,8.0
Penelope2Tag,Penelope2,Felis catus,1970-01-01 03:15:00,1970-01-03 11:04:00,True,8.0,Fixed,f,10.0,1,US,3.0
Bella2Tag,Bella2,Felis catus,1970-01-01 02:43:00,1970-01-03 10:08:00,True,8.0,Fixed,f,10.5,4,US,5.0
Gracie L2 Tag,Gracie L2,Felis catus,1970-01-01 02:57:00,1970-01-02 18:44:00,True,4.0,Fixed,f,10.5,4,US,16.0
Solo2Tag,Solo2,Felis catus,1970-01-02 11:49:00,1970-01-03 10:27:00,False,0.0,Fixed,m,13.0,2,US,2.0
Oreo2Tag,Oreo2,Felis catus,1970-01-01 01:53:00,1970-01-03 09:29:00,True,8.0,Fixed,m,7.0,3,US,5.0
Ladybird2Tag,Ladybird2,Felis catus,1970-01-01 05:32:00,1970-01-02 11:34:00,True,4.0,Fixed,f,17.0,6,US,10.0
Striper2Tag,Striper2,Felis catus,1970-01-01 05:33:00,1970-01-03 10:08:00,True,4.0,Fixed,f,16.5,6,US,10.0
Billy Whiskers2Tag,Billy Whiskers2,Felis catus,1970-01-01 06:06:00,1970-01-03 00:20:00,True,4.0,Fixed,m,9.0,6,US,2.0
Baby Kitty2Tag,Baby Kitty 2,Felis catus,1970-01-01 06:08:00,1970-01-01 07:37:00,True,8.0,Unneutered,m,9.5,6,US,1.0
Diamond2Tag,Diamond2,Felis catus,1970-01-01 07:10:00,1970-01-01 01:11:00,True,16.0,Fixed,f,12.0,6,US,2.0
Smokey2Tag,Smokey2,Felis catus,1970-01-02 23:34:00,1970-01-02 09:33:00,True,4.0,Fixed,m,12.0,2,US,3.0
Shadow2Tag,Shadow2,Felis catus,1970-01-03 00:01:00,1970-01-03 05:48:00,True,4.0,Fixed,m,12.0,2,US,3.0
Senor2Tag,Senor2,Felis catus,1970-01-01 03:23:00,1970-01-02 05:39:00,True,4.0,Fixed,m,0.0,2,US,13.0
Sandstorm2Tag,Sandstorm2,Felis catus,1970-01-03 05:52:00,1970-01-01 03:12:00,True,4.0,Fixed,f,6.0,2,US,4.0
Oliver2Tag,Oliver2,Felis catus,1970-01-01 02:43:00,1970-01-03 11:06:00,True,8.0,Fixed,m,12.0,1,US,7.0
Herman2Tag,Herman2,Felis catus,1970-01-01 21:48:00,1970-01-01 05:22:00,True,4.0,Fixed,m,16.0,2,US,8.0
Willy2Tag,Willy2,Felis catus,1970-01-01 01:59:00,1970-01-03 11:41:00,True,8.0,Fixed,m,12.0,1,US,13.0
SparklesTag,Sparkles,Felis catus,1970-01-02 09:46:00,1970-01-03 10:22:00,False,0.0,Fixed,m,13.0,2,US,4.0
ZiggyTag,Ziggy,Felis catus,1970-01-01 02:11:00,1970-01-03 11:32:00,True,1.0,Fixed,m,11.0,1,US,8.0
ParkerTag,Parker,Felis catus,1970-01-01 01:25:00,1970-01-03 08:05:00,True,4.0,Fixed,m,12.0,1,US,6.0
